[{"is_creator_accessible": true, "deadline": null, "status": "RESOLVED", "is_open": false, "classification": "Eclipse", "op_sys": "Windows XP", "is_confirmed": true, "id": 222148, "component": "e4", "qa_contact": "", "depends_on": [], "creation_time": "2008-03-11T00:34:05Z", "alias": [], "see_also": [], "platform": "PC", "summary": "invalid bug", "whiteboard": "", "assigned_to": "eclipse.e4-inbox@eclipse.org", "keywords": [], "is_cc_accessible": true, "dupe_of": null, "flags": [], "cc_detail": [], "priority": "P3", "cc": [], "assigned_to_detail": {"real_name": "E4 Inbox", "name": "eclipse.e4-inbox@eclipse.org", "email": "eclipse.e4-inbox@eclipse.org", "id": 47364}, "creator": "bokowski@google.com", "target_milestone": "---", "creator_detail": {"real_name": "Boris Bokowski", "name": "bokowski@google.com", "email": "bokowski@google.com", "id": 12828}, "resolution": "INVALID", "last_change_time": "2008-03-11T00:34:48Z", "url": "", "severity": "normal", "groups": [], "version": "unspecified", "blocks": [], "product": "Incubator"}, {"depends_on": [], "qa_contact": "", "see_also": [], "alias": [], "creation_time": "2008-03-13T22:05:56Z", "op_sys": "Windows XP", "classification": "Eclipse", "is_open": false, "status": "RESOLVED", "deadline": null, "is_creator_accessible": true, "component": "e4", "id": 222677, "is_confirmed": true, "resolution": "FIXED", "creator_detail": {"email": "bokowski@google.com", "id": 12828, "real_name": "Boris Bokowski", "name": "bokowski@google.com"}, "target_milestone": "---", "creator": "bokowski@google.com", "assigned_to_detail": {"name": "eclipse.e4-inbox@eclipse.org", "real_name": "E4 Inbox", "id": 47364, "email": "eclipse.e4-inbox@eclipse.org"}, "priority": "P3", "cc": [], "product": "Incubator", "version": "unspecified", "blocks": [], "groups": [], "url": "", "severity": "normal", "last_change_time": "2008-03-14T19:10:10Z", "whiteboard": "", "assigned_to": "eclipse.e4-inbox@eclipse.org", "summary": "Fix thread leak", "platform": "PC", "cc_detail": [], "dupe_of": null, "flags": [], "is_cc_accessible": true, "keywords": []}, {"last_change_time": "2018-09-14T18:29:55Z", "severity": "normal", "url": "", "groups": [], "blocks": [], "version": "unspecified", "product": "Incubator", "cc": [], "priority": "P3", "assigned_to_detail": {"id": 12828, "email": "bokowski@google.com", "name": "bokowski@google.com", "real_name": "Boris Bokowski"}, "creator": "bokowski@google.com", "target_milestone": "---", "creator_detail": {"email": "bokowski@google.com", "id": 12828, "name": "bokowski@google.com", "real_name": "Boris Bokowski"}, "resolution": "", "keywords": [], "is_cc_accessible": true, "dupe_of": null, "flags": [], "cc_detail": [], "platform": "PC", "summary": "Problems view does not have content when opened the first time", "assigned_to": "bokowski@google.com", "whiteboard": "stalebug", "creation_time": "2008-03-13T22:06:50Z", "alias": [], "see_also": [], "qa_contact": "", "depends_on": [], "is_confirmed": true, "id": 222678, "component": "e4", "is_creator_accessible": true, "deadline": null, "status": "NEW", "is_open": true, "classification": "Eclipse", "op_sys": "Windows XP"}, {"target_milestone": "---", "resolution": "", "creator_detail": {"name": "bokowski@google.com", "real_name": "Boris Bokowski", "id": 12828, "email": "bokowski@google.com"}, "cc": [], "priority": "P3", "assigned_to_detail": {"id": 12828, "email": "bokowski@google.com", "name": "bokowski@google.com", "real_name": "Boris Bokowski"}, "creator": "bokowski@google.com", "groups": [], "version": "unspecified", "blocks": [], "product": "Incubator", "last_change_time": "2018-09-17T18:50:51Z", "severity": "normal", "url": "", "whiteboard": "stalebug", "assigned_to": "bokowski@google.com", "platform": "PC", "summary": "Problems view leaks listener", "cc_detail": [], "keywords": [], "is_cc_accessible": true, "dupe_of": null, "flags": [], "depends_on": [], "qa_contact": "", "alias": [], "see_also": [], "creation_time": "2008-03-13T22:07:16Z", "op_sys": "Windows XP", "is_creator_accessible": true, "deadline": null, "is_open": true, "status": "NEW", "classification": "Eclipse", "component": "e4", "is_confirmed": true, "id": 222679}, {"classification": "Eclipse", "is_open": false, "status": "RESOLVED", "deadline": null, "is_creator_accessible": true, "op_sys": "Windows XP", "id": 226182, "is_confirmed": true, "component": "e4", "qa_contact": "", "depends_on": [], "creation_time": "2008-04-08T19:19:20Z", "see_also": [], "alias": [], "summary": "[eca] java.lang.Object methods in interfaces", "platform": "PC", "assigned_to": "maxime_daniel@fr.ibm.com", "whiteboard": "", "dupe_of": null, "flags": [], "is_cc_accessible": true, "keywords": [], "cc_detail": [{"id": 24, "email": "philippe_mulet@fr.ibm.com", "name": "philippe_mulet@fr.ibm.com", "real_name": "Philipe Mulet"}, {"id": 18, "email": "Silenio_Quarti@ca.ibm.com", "real_name": "Silenio Quarti", "name": "Silenio_Quarti@ca.ibm.com"}, {"email": "snorthov@ca.ibm.com", "id": 58, "real_name": "Steve Northover", "name": "snorthov@ca.ibm.com"}], "creator": "eclipse.felipe@gmail.com", "assigned_to_detail": {"id": 17092, "email": "maxime_daniel@fr.ibm.com", "real_name": "Maxime Daniel", "name": "maxime_daniel@fr.ibm.com"}, "cc": ["philippe_mulet@fr.ibm.com", "Silenio_Quarti@ca.ibm.com", "snorthov@ca.ibm.com"], "priority": "P3", "creator_detail": {"real_name": "Felipe Heidrich", "name": "eclipse.felipe@gmail.com", "email": "eclipse.felipe@gmail.com", "id": 481}, "resolution": "FIXED", "target_milestone": "---", "url": "", "severity": "normal", "last_change_time": "2008-04-10T07:50:27Z", "product": "Incubator", "blocks": [], "version": "unspecified", "groups": []}, {"cc": ["philippe_mulet@fr.ibm.com", "Silenio_Quarti@ca.ibm.com", "snorthov@ca.ibm.com"], "priority": "P3", "assigned_to_detail": {"id": 17092, "email": "maxime_daniel@fr.ibm.com", "name": "maxime_daniel@fr.ibm.com", "real_name": "Maxime Daniel"}, "creator": "eclipse.felipe@gmail.com", "target_milestone": "---", "creator_detail": {"email": "eclipse.felipe@gmail.com", "id": 481, "name": "eclipse.felipe@gmail.com", "real_name": "Felipe Heidrich"}, "resolution": "FIXED", "last_change_time": "2008-04-10T09:34:06Z", "url": "", "severity": "normal", "groups": [], "version": "unspecified", "blocks": [], "product": "Incubator", "platform": "PC", "summary": "[eca] wrong accessor for static field", "assigned_to": "maxime_daniel@fr.ibm.com", "whiteboard": "", "keywords": [], "is_cc_accessible": true, "flags": [], "dupe_of": null, "cc_detail": [{"name": "philippe_mulet@fr.ibm.com", "real_name": "Philipe Mulet", "email": "philippe_mulet@fr.ibm.com", "id": 24}, {"email": "Silenio_Quarti@ca.ibm.com", "id": 18, "real_name": "Silenio Quarti", "name": "Silenio_Quarti@ca.ibm.com"}, {"id": 58, "email": "snorthov@ca.ibm.com", "real_name": "Steve Northover", "name": "snorthov@ca.ibm.com"}], "qa_contact": "", "depends_on": [], "creation_time": "2008-04-08T19:38:52Z", "alias": [], "see_also": [], "is_creator_accessible": true, "deadline": null, "status": "RESOLVED", "is_open": false, "classification": "Eclipse", "op_sys": "Windows XP", "id": 226188, "is_confirmed": true, "component": "e4"}, {"is_confirmed": true, "id": 226193, "component": "e4", "is_open": false, "status": "RESOLVED", "classification": "Eclipse", "is_creator_accessible": true, "deadline": null, "op_sys": "Windows XP", "creation_time": "2008-04-08T20:05:04Z", "see_also": [], "alias": [], "qa_contact": "", "depends_on": [], "flags": [], "dupe_of": null, "keywords": [], "is_cc_accessible": true, "cc_detail": [{"id": 24, "email": "philippe_mulet@fr.ibm.com", "name": "philippe_mulet@fr.ibm.com", "real_name": "Philipe Mulet"}, {"id": 18, "email": "Silenio_Quarti@ca.ibm.com", "real_name": "Silenio Quarti", "name": "Silenio_Quarti@ca.ibm.com"}, {"name": "snorthov@ca.ibm.com", "real_name": "Steve Northover", "id": 58, "email": "snorthov@ca.ibm.com"}], "platform": "PC", "summary": "[eca] inner class messes up context", "assigned_to": "maxime_daniel@fr.ibm.com", "whiteboard": "", "url": "", "severity": "minor", "last_change_time": "2008-05-02T14:24:05Z", "product": "Incubator", "groups": [], "version": "unspecified", "blocks": [], "creator": "eclipse.felipe@gmail.com", "assigned_to_detail": {"email": "maxime_daniel@fr.ibm.com", "id": 17092, "name": "maxime_daniel@fr.ibm.com", "real_name": "Maxime Daniel"}, "cc": ["philippe_mulet@fr.ibm.com", "Silenio_Quarti@ca.ibm.com", "snorthov@ca.ibm.com"], "priority": "P3", "creator_detail": {"id": 481, "email": "eclipse.felipe@gmail.com", "real_name": "Felipe Heidrich", "name": "eclipse.felipe@gmail.com"}, "resolution": "FIXED", "target_milestone": "---"}, {"see_also": [], "alias": [], "creation_time": "2008-04-09T21:59:47Z", "depends_on": [], "qa_contact": "", "component": "e4", "is_confirmed": true, "id": 226379, "op_sys": "Mac OS X - Carbon (unsup.)", "classification": "Eclipse", "is_open": false, "status": "RESOLVED", "deadline": null, "is_creator_accessible": true, "product": "Incubator", "blocks": [], "version": "unspecified", "groups": [], "url": "", "severity": "normal", "last_change_time": "2008-04-17T14:33:35Z", "resolution": "FIXED", "creator_detail": {"id": 10577, "email": "tom.schindl@bestsolution.at", "real_name": "Thomas Schindl", "name": "tom.schindl@bestsolution.at"}, "target_milestone": "---", "creator": "tom.schindl@bestsolution.at", "assigned_to_detail": {"name": "tom.schindl@bestsolution.at", "real_name": "Thomas Schindl", "id": 10577, "email": "tom.schindl@bestsolution.at"}, "priority": "P3", "cc": ["bokowski@google.com", "contact@benjamin-cabe.com", "Ed.Merks@gmail.com", "emoffatt@ca.ibm.com", "gunnar@wagenknecht.org", "sbernard@sierrawireless.com"], "cc_detail": [{"id": 12828, "email": "bokowski@google.com", "real_name": "Boris Bokowski", "name": "bokowski@google.com"}, {"id": 31741, "email": "contact@benjamin-cabe.com", "real_name": "Benjamin Cab\u00e9", "name": "contact@benjamin-cabe.com"}, {"email": "Ed.Merks@gmail.com", "id": 2253, "name": "Ed.Merks@gmail.com", "real_name": "Ed Merks"}, {"id": 8707, "email": "emoffatt@ca.ibm.com", "name": "emoffatt@ca.ibm.com", "real_name": "Eric Moffatt"}, {"real_name": "Gunnar Wagenknecht", "name": "gunnar@wagenknecht.org", "id": 590, "email": "gunnar@wagenknecht.org"}, {"email": "sbernard@sierrawireless.com", "id": 42266, "real_name": "Simon Bernard", "name": "sbernard@sierrawireless.com"}], "flags": [], "dupe_of": null, "is_cc_accessible": true, "keywords": [], "assigned_to": "tom.schindl@bestsolution.at", "whiteboard": "", "summary": "[EMF-Workbench] Workbench with an EMF-Model below", "platform": "PC"}, {"creation_time": "2008-04-10T09:26:08Z", "see_also": [], "alias": [], "qa_contact": "", "depends_on": [], "id": 226465, "is_confirmed": true, "component": "e4", "classification": "Eclipse", "status": "RESOLVED", "is_open": false, "deadline": null, "is_creator_accessible": true, "op_sys": "All", "url": "", "severity": "normal", "last_change_time": "2008-05-05T09:31:38Z", "product": "Incubator", "blocks": [], "version": "unspecified", "groups": [], "creator": "maxime_daniel@fr.ibm.com", "assigned_to_detail": {"email": "maxime_daniel@fr.ibm.com", "id": 17092, "real_name": "Maxime Daniel", "name": "maxime_daniel@fr.ibm.com"}, "priority": "P3", "cc": ["bokowski@google.com", "eclipse.felipe@gmail.com", "philippe_mulet@fr.ibm.com", "Silenio_Quarti@ca.ibm.com", "snorthov@ca.ibm.com"], "creator_detail": {"name": "maxime_daniel@fr.ibm.com", "real_name": "Maxime Daniel", "email": "maxime_daniel@fr.ibm.com", "id": 17092}, "resolution": "FIXED", "target_milestone": "---", "dupe_of": null, "flags": [], "is_cc_accessible": true, "keywords": [], "cc_detail": [{"email": "bokowski@google.com", "id": 12828, "real_name": "Boris Bokowski", "name": "bokowski@google.com"}, {"real_name": "Felipe Heidrich", "name": "eclipse.felipe@gmail.com", "email": "eclipse.felipe@gmail.com", "id": 481}, {"name": "philippe_mulet@fr.ibm.com", "real_name": "Philipe Mulet", "id": 24, "email": "philippe_mulet@fr.ibm.com"}, {"id": 18, "email": "Silenio_Quarti@ca.ibm.com", "real_name": "Silenio Quarti", "name": "Silenio_Quarti@ca.ibm.com"}, {"real_name": "Steve Northover", "name": "snorthov@ca.ibm.com", "email": "snorthov@ca.ibm.com", "id": 58}], "summary": "[eca] wrong synthetics combination", "platform": "PC", "whiteboard": "", "assigned_to": "maxime_daniel@fr.ibm.com"}, {"platform": "PC", "summary": "[multi-lingual plug-ins] some ideas, a javascript prototype", "whiteboard": "", "assigned_to": "eclipse.e4-inbox@eclipse.org", "keywords": [], "is_cc_accessible": true, "dupe_of": null, "flags": [], "cc_detail": [{"name": "bokowski@google.com", "real_name": "Boris Bokowski", "id": 12828, "email": "bokowski@google.com"}, {"real_name": "Michael Scharf", "name": "eclipse@scharf.gr", "email": "eclipse@scharf.gr", "id": 5284}, {"email": "mark.melvin@onsemi.com", "id": 9571, "name": "mark.melvin@onsemi.com", "real_name": "Mark Melvin"}, {"real_name": "Martin Oberhuber", "name": "mober.at+eclipse@gmail.com", "email": "mober.at+eclipse@gmail.com", "id": 13001}, {"email": "pwebster@ca.ibm.com", "id": 17212, "name": "pwebster@ca.ibm.com", "real_name": "Paul Webster"}], "priority": "P3", "cc": ["bokowski@google.com", "eclipse@scharf.gr", "mark.melvin@onsemi.com", "mober.at+eclipse@gmail.com", "pwebster@ca.ibm.com"], "creator": "caniszczyk@gmail.com", "assigned_to_detail": {"id": 47364, "email": "eclipse.e4-inbox@eclipse.org", "real_name": "E4 Inbox", "name": "eclipse.e4-inbox@eclipse.org"}, "target_milestone": "---", "creator_detail": {"name": "caniszczyk@gmail.com", "real_name": "Chris Aniszczyk", "email": "caniszczyk@gmail.com", "id": 15423}, "resolution": "", "last_change_time": "2008-06-13T13:43:41Z", "url": "", "severity": "enhancement", "groups": [], "version": "unspecified", "blocks": [], "product": "Incubator", "is_creator_accessible": true, "deadline": null, "is_open": true, "status": "NEW", "classification": "Eclipse", "op_sys": "Windows XP", "id": 227058, "is_confirmed": true, "component": "e4", "qa_contact": "", "depends_on": [], "creation_time": "2008-04-15T00:25:34Z", "alias": [], "see_also": []}, {"platform": "PC", "summary": "[EMF-Workbench] Use booleans and int instead of Boolean and Integer in the EMF metamodel", "whiteboard": "", "assigned_to": "tom.schindl@bestsolution.at", "keywords": [], "is_cc_accessible": true, "flags": [], "dupe_of": null, "cc_detail": [{"real_name": "Boris Bokowski", "name": "bokowski@google.com", "id": 12828, "email": "bokowski@google.com"}, {"real_name": "Thomas Schindl", "name": "tom.schindl@bestsolution.at", "id": 10577, "email": "tom.schindl@bestsolution.at"}], "cc": ["bokowski@google.com", "tom.schindl@bestsolution.at"], "priority": "P3", "creator": "eclipse@scharf.gr", "assigned_to_detail": {"real_name": "Thomas Schindl", "name": "tom.schindl@bestsolution.at", "id": 10577, "email": "tom.schindl@bestsolution.at"}, "target_milestone": "---", "creator_detail": {"id": 5284, "email": "eclipse@scharf.gr", "name": "eclipse@scharf.gr", "real_name": "Michael Scharf"}, "resolution": "FIXED", "last_change_time": "2008-04-17T17:33:15Z", "url": "", "severity": "normal", "groups": [], "blocks": [], "version": "unspecified", "product": "Incubator", "is_creator_accessible": true, "deadline": null, "status": "RESOLVED", "is_open": false, "classification": "Eclipse", "op_sys": "Windows XP", "is_confirmed": true, "id": 227552, "component": "e4", "qa_contact": "", "depends_on": [], "creation_time": "2008-04-17T14:06:11Z", "alias": [], "see_also": []}, {"priority": "P3", "cc": [], "creator": "tom.schindl@bestsolution.at", "assigned_to_detail": {"name": "eclipse.e4-inbox@eclipse.org", "real_name": "E4 Inbox", "id": 47364, "email": "eclipse.e4-inbox@eclipse.org"}, "target_milestone": "---", "creator_detail": {"id": 10577, "email": "tom.schindl@bestsolution.at", "real_name": "Thomas Schindl", "name": "tom.schindl@bestsolution.at"}, "resolution": "FIXED", "last_change_time": "2008-04-17T14:34:07Z", "url": "", "severity": "normal", "blocks": [], "version": "unspecified", "groups": [], "product": "Incubator", "summary": "[EMF-Workbench] Change Multi-Inheritance to save resources", "platform": "PC", "assigned_to": "eclipse.e4-inbox@eclipse.org", "whiteboard": "", "is_cc_accessible": true, "keywords": [], "flags": [], "dupe_of": null, "cc_detail": [], "qa_contact": "", "depends_on": [], "creation_time": "2008-04-17T14:27:25Z", "alias": [], "see_also": [], "deadline": null, "is_creator_accessible": true, "classification": "Eclipse", "is_open": false, "status": "RESOLVED", "op_sys": "Mac OS X - Carbon (unsup.)", "is_confirmed": true, "id": 227555, "component": "e4"}, {"id": 227786, "is_confirmed": true, "component": "e4", "is_open": false, "status": "RESOLVED", "classification": "Eclipse", "is_creator_accessible": true, "deadline": null, "op_sys": "Windows XP", "creation_time": "2008-04-18T15:29:34Z", "see_also": [], "alias": [], "qa_contact": "", "depends_on": [], "flags": [], "dupe_of": null, "keywords": [], "is_cc_accessible": true, "cc_detail": [{"name": "philippe_mulet@fr.ibm.com", "real_name": "Philipe Mulet", "email": "philippe_mulet@fr.ibm.com", "id": 24}, {"email": "Silenio_Quarti@ca.ibm.com", "id": 18, "real_name": "Silenio Quarti", "name": "Silenio_Quarti@ca.ibm.com"}, {"name": "snorthov@ca.ibm.com", "real_name": "Steve Northover", "id": 58, "email": "snorthov@ca.ibm.com"}], "platform": "PC", "summary": "[eca] template supports  (java 1.5)", "assigned_to": "maxime_daniel@fr.ibm.com", "whiteboard": "", "severity": "normal", "url": "", "last_change_time": "2008-05-02T08:12:41Z", "product": "Incubator", "groups": [], "blocks": [], "version": "unspecified", "assigned_to_detail": {"id": 17092, "email": "maxime_daniel@fr.ibm.com", "name": "maxime_daniel@fr.ibm.com", "real_name": "Maxime Daniel"}, "creator": "eclipse.felipe@gmail.com", "priority": "P3", "cc": ["philippe_mulet@fr.ibm.com", "Silenio_Quarti@ca.ibm.com", "snorthov@ca.ibm.com"], "creator_detail": {"id": 481, "email": "eclipse.felipe@gmail.com", "real_name": "Felipe Heidrich", "name": "eclipse.felipe@gmail.com"}, "resolution": "FIXED", "target_milestone": "---"}, {"creator": "eclipse.felipe@gmail.com", "assigned_to_detail": {"real_name": "Maxime Daniel", "name": "maxime_daniel@fr.ibm.com", "email": "maxime_daniel@fr.ibm.com", "id": 17092}, "priority": "P3", "cc": ["philippe_mulet@fr.ibm.com", "Silenio_Quarti@ca.ibm.com", "snorthov@ca.ibm.com"], "resolution": "FIXED", "creator_detail": {"real_name": "Felipe Heidrich", "name": "eclipse.felipe@gmail.com", "id": 481, "email": "eclipse.felipe@gmail.com"}, "target_milestone": "---", "url": "", "severity": "normal", "last_change_time": "2008-04-30T12:25:07Z", "product": "Incubator", "groups": [], "version": "unspecified", "blocks": [], "platform": "PC", "summary": "[eca] annotations support (java 1.5)", "whiteboard": "", "assigned_to": "maxime_daniel@fr.ibm.com", "dupe_of": null, "flags": [], "keywords": [], "is_cc_accessible": true, "cc_detail": [{"email": "philippe_mulet@fr.ibm.com", "id": 24, "real_name": "Philipe Mulet", "name": "philippe_mulet@fr.ibm.com"}, {"real_name": "Silenio Quarti", "name": "Silenio_Quarti@ca.ibm.com", "id": 18, "email": "Silenio_Quarti@ca.ibm.com"}, {"real_name": "Steve Northover", "name": "snorthov@ca.ibm.com", "id": 58, "email": "snorthov@ca.ibm.com"}], "qa_contact": "", "depends_on": [], "creation_time": "2008-04-18T15:32:59Z", "see_also": [], "alias": [], "is_open": false, "status": "RESOLVED", "classification": "Eclipse", "is_creator_accessible": true, "deadline": null, "op_sys": "Windows XP", "id": 227787, "is_confirmed": true, "component": "e4"}, {"groups": [], "blocks": [], "version": "unspecified", "product": "Incubator", "last_change_time": "2008-05-02T12:20:24Z", "url": "", "severity": "normal", "target_milestone": "---", "creator_detail": {"id": 481, "email": "eclipse.felipe@gmail.com", "name": "eclipse.felipe@gmail.com", "real_name": "Felipe Heidrich"}, "resolution": "FIXED", "cc": ["philippe_mulet@fr.ibm.com", "Silenio_Quarti@ca.ibm.com", "snorthov@ca.ibm.com"], "priority": "P3", "assigned_to_detail": {"name": "maxime_daniel@fr.ibm.com", "real_name": "Maxime Daniel", "email": "maxime_daniel@fr.ibm.com", "id": 17092}, "creator": "eclipse.felipe@gmail.com", "cc_detail": [{"real_name": "Philipe Mulet", "name": "philippe_mulet@fr.ibm.com", "id": 24, "email": "philippe_mulet@fr.ibm.com"}, {"real_name": "Silenio Quarti", "name": "Silenio_Quarti@ca.ibm.com", "email": "Silenio_Quarti@ca.ibm.com", "id": 18}, {"id": 58, "email": "snorthov@ca.ibm.com", "name": "snorthov@ca.ibm.com", "real_name": "Steve Northover"}], "keywords": [], "is_cc_accessible": true, "dupe_of": null, "flags": [], "whiteboard": "", "assigned_to": "maxime_daniel@fr.ibm.com", "platform": "PC", "summary": "[eca] bug with inner class involving local names registry", "alias": [], "see_also": [], "creation_time": "2008-04-18T21:40:59Z", "depends_on": [], "qa_contact": "", "component": "e4", "id": 227846, "is_confirmed": true, "op_sys": "Windows Vista", "is_creator_accessible": true, "deadline": null, "status": "RESOLVED", "is_open": false, "classification": "Eclipse"}, {"qa_contact": "", "depends_on": [], "creation_time": "2008-04-24T18:24:49Z", "see_also": [], "alias": [], "classification": "Eclipse", "is_open": false, "status": "RESOLVED", "deadline": null, "is_creator_accessible": true, "op_sys": "Mac OS X - Carbon (unsup.)", "id": 228735, "is_confirmed": true, "component": "e4", "assigned_to_detail": {"name": "tom.schindl@bestsolution.at", "real_name": "Thomas Schindl", "email": "tom.schindl@bestsolution.at", "id": 10577}, "creator": "tom.schindl@bestsolution.at", "priority": "P3", "cc": ["bokowski@google.com"], "resolution": "FIXED", "creator_detail": {"name": "tom.schindl@bestsolution.at", "real_name": "Thomas Schindl", "email": "tom.schindl@bestsolution.at", "id": 10577}, "target_milestone": "---", "severity": "normal", "url": "", "last_change_time": "2008-04-24T19:06:17Z", "product": "Incubator", "blocks": [], "version": "unspecified", "groups": [], "summary": "[EMF-Workbench] Make EMF-Objects Scriptable use Rhino ScritableObject", "platform": "PC", "assigned_to": "tom.schindl@bestsolution.at", "whiteboard": "", "flags": [], "dupe_of": null, "is_cc_accessible": true, "keywords": [], "cc_detail": [{"email": "bokowski@google.com", "id": 12828, "name": "bokowski@google.com", "real_name": "Boris Bokowski"}]}, {"product": "Incubator", "groups": [], "version": "unspecified", "blocks": [80140], "url": "", "severity": "enhancement", "last_change_time": "2017-11-06T17:39:27Z", "creator_detail": {"email": "pwebster@ca.ibm.com", "id": 17212, "real_name": "Paul Webster", "name": "pwebster@ca.ibm.com"}, "resolution": "DUPLICATE", "target_milestone": "---", "creator": "pwebster@ca.ibm.com", "assigned_to_detail": {"id": 47364, "email": "eclipse.e4-inbox@eclipse.org", "real_name": "E4 Inbox", "name": "eclipse.e4-inbox@eclipse.org"}, "priority": "P3", "cc": ["bokowski@google.com", "caniszczyk@gmail.com", "daniel_megert@ch.ibm.com", "eclipse@pookzilla.net", "Ernest.Pasour@sas.com", "fabiofz@gmail.com", "Kevin_McGuire@ca.ibm.com", "mober.at+eclipse@gmail.com", "stori@ca.ibm.com", "tonny.madsen@gmail.com"], "cc_detail": [{"email": "bokowski@google.com", "id": 12828, "name": "bokowski@google.com", "real_name": "Boris Bokowski"}, {"email": "caniszczyk@gmail.com", "id": 15423, "name": "caniszczyk@gmail.com", "real_name": "Chris Aniszczyk"}, {"email": "daniel_megert@ch.ibm.com", "id": 39, "name": "daniel_megert@ch.ibm.com", "real_name": "Dani Megert"}, {"name": "eclipse@pookzilla.net", "real_name": "Kim Horne", "id": 4502, "email": "eclipse@pookzilla.net"}, {"email": "Ernest.Pasour@sas.com", "id": 5805, "name": "Ernest.Pasour@sas.com", "real_name": "Ernest Pasour"}, {"name": "fabiofz@gmail.com", "real_name": "Fabio Zadrozny", "id": 18489, "email": "fabiofz@gmail.com"}, {"real_name": "Kevin McGuire", "name": "Kevin_McGuire@ca.ibm.com", "email": "Kevin_McGuire@ca.ibm.com", "id": 14}, {"id": 13001, "email": "mober.at+eclipse@gmail.com", "real_name": "Martin Oberhuber", "name": "mober.at+eclipse@gmail.com"}, {"id": 205, "email": "stori@ca.ibm.com", "real_name": "adrian", "name": "stori@ca.ibm.com"}, {"name": "tonny.madsen@gmail.com", "real_name": "Tonny Madsen", "email": "tonny.madsen@gmail.com", "id": 4153}], "dupe_of": 8519, "flags": [], "keywords": [], "is_cc_accessible": true, "assigned_to": "eclipse.e4-inbox@eclipse.org", "whiteboard": "", "platform": "PC", "summary": "experiment with text macro recording", "see_also": [], "alias": [], "creation_time": "2008-05-29T19:36:10Z", "depends_on": [8519], "qa_contact": "", "component": "e4", "id": 234710, "is_confirmed": true, "op_sys": "All", "status": "CLOSED", "is_open": false, "classification": "Eclipse", "is_creator_accessible": true, "deadline": null}, {"qa_contact": "", "depends_on": [], "creation_time": "2008-06-24T22:54:39Z", "see_also": [], "alias": [], "classification": "Eclipse", "status": "ASSIGNED", "is_open": true, "deadline": null, "is_creator_accessible": true, "op_sys": "Windows XP", "id": 238351, "is_confirmed": true, "component": "e4", "creator": "Kevin_McGuire@ca.ibm.com", "assigned_to_detail": {"email": "Kevin_McGuire@ca.ibm.com", "id": 14, "real_name": "Kevin McGuire", "name": "Kevin_McGuire@ca.ibm.com"}, "priority": "P3", "cc": [], "resolution": "", "creator_detail": {"id": 14, "email": "Kevin_McGuire@ca.ibm.com", "name": "Kevin_McGuire@ca.ibm.com", "real_name": "Kevin McGuire"}, "target_milestone": "---", "url": "", "severity": "normal", "last_change_time": "2018-09-13T20:18:49Z", "product": "Incubator", "version": "unspecified", "blocks": [], "groups": [], "summary": "e4 web demo no longer works on 3.4", "platform": "PC", "assigned_to": "Kevin_McGuire@ca.ibm.com", "whiteboard": "stalebug", "dupe_of": null, "flags": [], "is_cc_accessible": true, "keywords": [], "cc_detail": []}, {"op_sys": "Windows XP", "status": "RESOLVED", "is_open": false, "classification": "Eclipse", "is_creator_accessible": true, "deadline": null, "component": "e4", "is_confirmed": true, "id": 248647, "depends_on": [], "qa_contact": "", "see_also": [], "alias": [], "creation_time": "2008-09-25T19:52:29Z", "whiteboard": "", "assigned_to": "Olivier_Thomann@ca.ibm.com", "platform": "PC", "summary": "try..catch (NullPointerException)  doesn't work", "cc_detail": [{"email": "eric_hung@ca.ibm.com", "id": 53081, "real_name": "Eric Hung", "name": "eric_hung@ca.ibm.com"}, {"name": "Silenio_Quarti@ca.ibm.com", "real_name": "Silenio Quarti", "email": "Silenio_Quarti@ca.ibm.com", "id": 18}], "flags": [], "dupe_of": null, "keywords": [], "is_cc_accessible": true, "resolution": "WONTFIX", "creator_detail": {"real_name": "Felipe Heidrich", "name": "eclipse.felipe@gmail.com", "email": "eclipse.felipe@gmail.com", "id": 481}, "target_milestone": "---", "creator": "eclipse.felipe@gmail.com", "assigned_to_detail": {"real_name": "Olivier Thomann", "name": "Olivier_Thomann@ca.ibm.com", "email": "Olivier_Thomann@ca.ibm.com", "id": 13}, "cc": ["eric_hung@ca.ibm.com", "Silenio_Quarti@ca.ibm.com"], "priority": "P3", "product": "Incubator", "groups": [], "blocks": [], "version": "unspecified", "severity": "normal", "url": "", "last_change_time": "2010-03-05T20:32:43Z"}, {"platform": "PC", "summary": "Integer.decode(String) doesn't seem to work at runtime", "whiteboard": "", "assigned_to": "Silenio_Quarti@ca.ibm.com", "keywords": [], "is_cc_accessible": true, "flags": [], "dupe_of": null, "cc_detail": [], "priority": "P3", "cc": [], "assigned_to_detail": {"email": "Silenio_Quarti@ca.ibm.com", "id": 18, "real_name": "Silenio Quarti", "name": "Silenio_Quarti@ca.ibm.com"}, "creator": "Olivier_Thomann@ca.ibm.com", "target_milestone": "---", "creator_detail": {"email": "Olivier_Thomann@ca.ibm.com", "id": 13, "name": "Olivier_Thomann@ca.ibm.com", "real_name": "Olivier Thomann"}, "resolution": "WONTFIX", "last_change_time": "2012-06-21T01:11:59Z", "severity": "normal", "url": "", "groups": [], "version": "unspecified", "blocks": [], "product": "Incubator", "is_creator_accessible": true, "deadline": null, "status": "RESOLVED", "is_open": false, "classification": "Eclipse", "op_sys": "Windows XP", "id": 249509, "is_confirmed": true, "component": "e4", "qa_contact": "", "depends_on": [], "creation_time": "2008-10-02T15:28:04Z", "alias": [], "see_also": []}, {"cc_detail": [], "flags": [], "dupe_of": null, "is_cc_accessible": true, "keywords": [], "assigned_to": "gheorghe@ca.ibm.com", "whiteboard": "", "summary": "toString() should not have override tag", "platform": "PC", "product": "Incubator", "blocks": [], "version": "unspecified", "groups": [], "severity": "normal", "url": "", "last_change_time": "2009-05-05T19:52:43Z", "creator_detail": {"id": 5470, "email": "gheorghe@ca.ibm.com", "name": "gheorghe@ca.ibm.com", "real_name": "Bogdan Gheorghe"}, "resolution": "INVALID", "target_milestone": "---", "assigned_to_detail": {"id": 5470, "email": "gheorghe@ca.ibm.com", "real_name": "Bogdan Gheorghe", "name": "gheorghe@ca.ibm.com"}, "creator": "gheorghe@ca.ibm.com", "priority": "P3", "cc": [], "component": "e4", "is_confirmed": true, "id": 249532, "op_sys": "Windows XP", "classification": "Eclipse", "status": "RESOLVED", "is_open": false, "deadline": null, "is_creator_accessible": true, "see_also": [], "alias": [], "creation_time": "2008-10-02T18:39:25Z", "depends_on": [], "qa_contact": ""}, {"last_change_time": "2008-10-15T14:27:07Z", "severity": "normal", "url": "", "groups": [], "version": "unspecified", "blocks": [], "product": "Incubator", "cc": ["Silenio_Quarti@ca.ibm.com"], "priority": "P3", "assigned_to_detail": {"name": "Olivier_Thomann@ca.ibm.com", "real_name": "Olivier Thomann", "id": 13, "email": "Olivier_Thomann@ca.ibm.com"}, "creator": "gheorghe@ca.ibm.com", "target_milestone": "---", "creator_detail": {"email": "gheorghe@ca.ibm.com", "id": 5470, "name": "gheorghe@ca.ibm.com", "real_name": "Bogdan Gheorghe"}, "resolution": "FIXED", "keywords": [], "is_cc_accessible": true, "dupe_of": null, "flags": [], "cc_detail": [{"email": "Silenio_Quarti@ca.ibm.com", "id": 18, "name": "Silenio_Quarti@ca.ibm.com", "real_name": "Silenio Quarti"}], "platform": "PC", "summary": "ActionScript files should not change visibility of methods", "assigned_to": "Olivier_Thomann@ca.ibm.com", "whiteboard": "", "creation_time": "2008-10-02T19:31:42Z", "alias": [], "see_also": [], "qa_contact": "", "depends_on": [], "is_confirmed": true, "id": 249537, "component": "e4", "is_creator_accessible": true, "deadline": null, "status": "RESOLVED", "is_open": false, "classification": "Eclipse", "op_sys": "Windows XP"}, {"resolution": "", "creator_detail": {"id": 8731, "email": "bpasero@rssowl.org", "real_name": "Benjamin Pasero", "name": "bpasero@rssowl.org"}, "target_milestone": "---", "creator": "bpasero@rssowl.org", "assigned_to_detail": {"id": 47364, "email": "eclipse.e4-inbox@eclipse.org", "name": "eclipse.e4-inbox@eclipse.org", "real_name": "E4 Inbox"}, "cc": ["eclipse.felipe@gmail.com", "gheorghe@ca.ibm.com", "Silenio_Quarti@ca.ibm.com", "snorthov@ca.ibm.com"], "priority": "P3", "product": "Incubator", "blocks": [], "version": "unspecified", "groups": [], "severity": "normal", "url": "", "last_change_time": "2018-09-12T04:03:37Z", "whiteboard": "stalebug", "assigned_to": "eclipse.e4-inbox@eclipse.org", "summary": "Table#setFont() is not working (flex)", "platform": "PC", "cc_detail": [{"name": "eclipse.felipe@gmail.com", "real_name": "Felipe Heidrich", "email": "eclipse.felipe@gmail.com", "id": 481}, {"real_name": "Bogdan Gheorghe", "name": "gheorghe@ca.ibm.com", "id": 5470, "email": "gheorghe@ca.ibm.com"}, {"real_name": "Silenio Quarti", "name": "Silenio_Quarti@ca.ibm.com", "email": "Silenio_Quarti@ca.ibm.com", "id": 18}, {"name": "snorthov@ca.ibm.com", "real_name": "Steve Northover", "id": 58, "email": "snorthov@ca.ibm.com"}], "flags": [], "dupe_of": null, "is_cc_accessible": true, "keywords": [], "depends_on": [], "qa_contact": "", "see_also": [], "alias": [], "creation_time": "2008-10-20T12:54:13Z", "op_sys": "Windows Vista", "classification": "Eclipse", "status": "NEW", "is_open": true, "deadline": null, "is_creator_accessible": true, "component": "e4", "is_confirmed": true, "id": 251384}, {"qa_contact": "", "depends_on": [], "creation_time": "2008-10-20T13:08:53Z", "alias": [], "see_also": [], "deadline": null, "is_creator_accessible": true, "classification": "Eclipse", "is_open": true, "status": "NEW", "op_sys": "Windows Vista", "is_confirmed": true, "id": 251386, "component": "e4", "cc": ["gheorghe@ca.ibm.com", "Silenio_Quarti@ca.ibm.com", "snorthov@ca.ibm.com"], "priority": "P3", "creator": "bpasero@rssowl.org", "assigned_to_detail": {"email": "eclipse.e4-inbox@eclipse.org", "id": 47364, "real_name": "E4 Inbox", "name": "eclipse.e4-inbox@eclipse.org"}, "target_milestone": "---", "resolution": "", "creator_detail": {"name": "bpasero@rssowl.org", "real_name": "Benjamin Pasero", "id": 8731, "email": "bpasero@rssowl.org"}, "last_change_time": "2018-09-18T20:15:20Z", "url": "", "severity": "normal", "version": "unspecified", "blocks": [], "groups": [], "product": "Incubator", "summary": "Reordering columns in a Table is not ordering the content, only the header (flex)", "platform": "PC", "assigned_to": "eclipse.e4-inbox@eclipse.org", "whiteboard": "stalebug", "is_cc_accessible": true, "keywords": [], "dupe_of": null, "flags": [], "cc_detail": [{"id": 5470, "email": "gheorghe@ca.ibm.com", "real_name": "Bogdan Gheorghe", "name": "gheorghe@ca.ibm.com"}, {"id": 18, "email": "Silenio_Quarti@ca.ibm.com", "name": "Silenio_Quarti@ca.ibm.com", "real_name": "Silenio Quarti"}, {"real_name": "Steve Northover", "name": "snorthov@ca.ibm.com", "email": "snorthov@ca.ibm.com", "id": 58}]}, {"whiteboard": "stalebug", "assigned_to": "eclipse.e4-inbox@eclipse.org", "platform": "PC", "summary": "TableColumn#setWidth() not using pixels (flex)?", "cc_detail": [{"real_name": "Bogdan Gheorghe", "name": "gheorghe@ca.ibm.com", "id": 5470, "email": "gheorghe@ca.ibm.com"}, {"email": "Silenio_Quarti@ca.ibm.com", "id": 18, "real_name": "Silenio Quarti", "name": "Silenio_Quarti@ca.ibm.com"}, {"real_name": "Steve Northover", "name": "snorthov@ca.ibm.com", "id": 58, "email": "snorthov@ca.ibm.com"}], "flags": [], "dupe_of": null, "keywords": [], "is_cc_accessible": true, "resolution": "", "creator_detail": {"id": 8731, "email": "bpasero@rssowl.org", "real_name": "Benjamin Pasero", "name": "bpasero@rssowl.org"}, "target_milestone": "---", "assigned_to_detail": {"real_name": "E4 Inbox", "name": "eclipse.e4-inbox@eclipse.org", "email": "eclipse.e4-inbox@eclipse.org", "id": 47364}, "creator": "bpasero@rssowl.org", "priority": "P3", "cc": ["gheorghe@ca.ibm.com", "Silenio_Quarti@ca.ibm.com", "snorthov@ca.ibm.com"], "product": "Incubator", "groups": [], "version": "unspecified", "blocks": [], "severity": "normal", "url": "", "last_change_time": "2018-09-21T20:37:21Z", "op_sys": "Windows Vista", "is_open": true, "status": "NEW", "classification": "Eclipse", "is_creator_accessible": true, "deadline": null, "component": "e4", "id": 251388, "is_confirmed": true, "depends_on": [], "qa_contact": "", "see_also": [], "alias": [], "creation_time": "2008-10-20T13:10:48Z"}, {"platform": "PC", "summary": "SWT.CENTER not respected by TableColumn (flex)", "whiteboard": "stalebug", "assigned_to": "eclipse.e4-inbox@eclipse.org", "keywords": [], "is_cc_accessible": true, "dupe_of": null, "flags": [], "cc_detail": [{"real_name": "Bogdan Gheorghe", "name": "gheorghe@ca.ibm.com", "id": 5470, "email": "gheorghe@ca.ibm.com"}, {"real_name": "Silenio Quarti", "name": "Silenio_Quarti@ca.ibm.com", "email": "Silenio_Quarti@ca.ibm.com", "id": 18}, {"id": 58, "email": "snorthov@ca.ibm.com", "real_name": "Steve Northover", "name": "snorthov@ca.ibm.com"}], "cc": ["gheorghe@ca.ibm.com", "Silenio_Quarti@ca.ibm.com", "snorthov@ca.ibm.com"], "priority": "P3", "creator": "bpasero@rssowl.org", "assigned_to_detail": {"name": "eclipse.e4-inbox@eclipse.org", "real_name": "E4 Inbox", "email": "eclipse.e4-inbox@eclipse.org", "id": 47364}, "target_milestone": "---", "resolution": "", "creator_detail": {"email": "bpasero@rssowl.org", "id": 8731, "real_name": "Benjamin Pasero", "name": "bpasero@rssowl.org"}, "last_change_time": "2018-09-20T07:44:04Z", "url": "", "severity": "normal", "groups": [], "blocks": [], "version": "unspecified", "product": "Incubator", "is_creator_accessible": true, "deadline": null, "is_open": true, "status": "NEW", "classification": "Eclipse", "op_sys": "Windows Vista", "is_confirmed": true, "id": 251389, "component": "e4", "qa_contact": "", "depends_on": [], "creation_time": "2008-10-20T13:11:45Z", "alias": [], "see_also": []}, {"creation_time": "2008-10-20T13:13:12Z", "alias": [], "see_also": [], "qa_contact": "", "depends_on": [], "id": 251391, "is_confirmed": true, "component": "e4", "deadline": null, "is_creator_accessible": true, "classification": "Eclipse", "is_open": true, "status": "NEW", "op_sys": "Windows Vista", "last_change_time": "2018-09-12T22:46:09Z", "severity": "major", "url": "", "version": "unspecified", "blocks": [], "groups": [], "product": "Incubator", "cc": ["gheorghe@ca.ibm.com", "Silenio_Quarti@ca.ibm.com", "snorthov@ca.ibm.com"], "priority": "P3", "assigned_to_detail": {"real_name": "E4 Inbox", "name": "eclipse.e4-inbox@eclipse.org", "id": 47364, "email": "eclipse.e4-inbox@eclipse.org"}, "creator": "bpasero@rssowl.org", "target_milestone": "---", "resolution": "", "creator_detail": {"id": 8731, "email": "bpasero@rssowl.org", "name": "bpasero@rssowl.org", "real_name": "Benjamin Pasero"}, "is_cc_accessible": true, "keywords": [], "dupe_of": null, "flags": [], "cc_detail": [{"email": "gheorghe@ca.ibm.com", "id": 5470, "real_name": "Bogdan Gheorghe", "name": "gheorghe@ca.ibm.com"}, {"real_name": "Silenio Quarti", "name": "Silenio_Quarti@ca.ibm.com", "id": 18, "email": "Silenio_Quarti@ca.ibm.com"}, {"email": "snorthov@ca.ibm.com", "id": 58, "real_name": "Steve Northover", "name": "snorthov@ca.ibm.com"}], "summary": "SortColumn, SortDirection, Selection non functional in TableColumn (flex)", "platform": "PC", "assigned_to": "eclipse.e4-inbox@eclipse.org", "whiteboard": "stalebug"}, {"platform": "PC", "summary": "List#addAll() throws an Exception if sizes of Lists differ", "whiteboard": "stalebug", "assigned_to": "eclipse.e4-inbox@eclipse.org", "flags": [], "dupe_of": null, "keywords": [], "is_cc_accessible": true, "cc_detail": [{"id": 5470, "email": "gheorghe@ca.ibm.com", "real_name": "Bogdan Gheorghe", "name": "gheorghe@ca.ibm.com"}, {"id": 18, "email": "Silenio_Quarti@ca.ibm.com", "real_name": "Silenio Quarti", "name": "Silenio_Quarti@ca.ibm.com"}, {"id": 58, "email": "snorthov@ca.ibm.com", "name": "snorthov@ca.ibm.com", "real_name": "Steve Northover"}, {"email": "vineet@architexa.com", "id": 19624, "real_name": "Vineet Sinha", "name": "vineet@architexa.com"}], "creator": "bpasero@rssowl.org", "assigned_to_detail": {"email": "eclipse.e4-inbox@eclipse.org", "id": 47364, "real_name": "E4 Inbox", "name": "eclipse.e4-inbox@eclipse.org"}, "priority": "P3", "cc": ["gheorghe@ca.ibm.com", "Silenio_Quarti@ca.ibm.com", "snorthov@ca.ibm.com", "vineet@architexa.com"], "resolution": "", "creator_detail": {"real_name": "Benjamin Pasero", "name": "bpasero@rssowl.org", "email": "bpasero@rssowl.org", "id": 8731}, "target_milestone": "---", "severity": "critical", "url": "", "last_change_time": "2018-09-19T18:17:05Z", "product": "Incubator", "groups": [], "version": "unspecified", "blocks": [275245], "status": "NEW", "is_open": true, "classification": "Eclipse", "is_creator_accessible": true, "deadline": null, "op_sys": "Windows Vista", "is_confirmed": true, "id": 251393, "component": "e4", "qa_contact": "", "depends_on": [], "creation_time": "2008-10-20T13:16:20Z", "see_also": [], "alias": []}, {"op_sys": "Windows Vista", "classification": "Eclipse", "is_open": true, "status": "NEW", "deadline": null, "is_creator_accessible": true, "component": "e4", "is_confirmed": true, "id": 251553, "depends_on": [], "qa_contact": "", "see_also": [], "alias": [], "creation_time": "2008-10-21T15:30:31Z", "whiteboard": "stalebug", "assigned_to": "eclipse.e4-inbox@eclipse.org", "summary": "org.eclipse.swt.net is not on the classpath when running with win32 classpath", "platform": "PC", "cc_detail": [{"id": 5470, "email": "gheorghe@ca.ibm.com", "name": "gheorghe@ca.ibm.com", "real_name": "Bogdan Gheorghe"}, {"id": 18, "email": "Silenio_Quarti@ca.ibm.com", "name": "Silenio_Quarti@ca.ibm.com", "real_name": "Silenio Quarti"}, {"email": "snorthov@ca.ibm.com", "id": 58, "real_name": "Steve Northover", "name": "snorthov@ca.ibm.com"}], "flags": [], "dupe_of": null, "is_cc_accessible": true, "keywords": [], "resolution": "", "creator_detail": {"email": "bpasero@rssowl.org", "id": 8731, "real_name": "Benjamin Pasero", "name": "bpasero@rssowl.org"}, "target_milestone": "---", "creator": "bpasero@rssowl.org", "assigned_to_detail": {"real_name": "E4 Inbox", "name": "eclipse.e4-inbox@eclipse.org", "email": "eclipse.e4-inbox@eclipse.org", "id": 47364}, "cc": ["gheorghe@ca.ibm.com", "Silenio_Quarti@ca.ibm.com", "snorthov@ca.ibm.com"], "priority": "P3", "product": "Incubator", "blocks": [], "version": "unspecified", "groups": [], "url": "", "severity": "normal", "last_change_time": "2018-09-17T15:38:31Z"}, {"op_sys": "Windows Vista", "is_creator_accessible": true, "deadline": null, "is_open": true, "status": "NEW", "classification": "Eclipse", "component": "e4", "is_confirmed": true, "id": 251671, "depends_on": [], "qa_contact": "", "alias": [], "see_also": [], "creation_time": "2008-10-22T09:01:08Z", "whiteboard": "stalebug", "assigned_to": "eclipse.e4-inbox@eclipse.org", "platform": "PC", "summary": "Control.setMenu() has no effect (flex)", "cc_detail": [{"email": "eclipse.felipe@gmail.com", "id": 481, "name": "eclipse.felipe@gmail.com", "real_name": "Felipe Heidrich"}, {"email": "gheorghe@ca.ibm.com", "id": 5470, "real_name": "Bogdan Gheorghe", "name": "gheorghe@ca.ibm.com"}, {"real_name": "Silenio Quarti", "name": "Silenio_Quarti@ca.ibm.com", "id": 18, "email": "Silenio_Quarti@ca.ibm.com"}, {"id": 58, "email": "snorthov@ca.ibm.com", "real_name": "Steve Northover", "name": "snorthov@ca.ibm.com"}], "keywords": [], "is_cc_accessible": true, "dupe_of": null, "flags": [], "target_milestone": "---", "resolution": "", "creator_detail": {"real_name": "Benjamin Pasero", "name": "bpasero@rssowl.org", "id": 8731, "email": "bpasero@rssowl.org"}, "priority": "P3", "cc": ["eclipse.felipe@gmail.com", "gheorghe@ca.ibm.com", "Silenio_Quarti@ca.ibm.com", "snorthov@ca.ibm.com"], "assigned_to_detail": {"id": 47364, "email": "eclipse.e4-inbox@eclipse.org", "real_name": "E4 Inbox", "name": "eclipse.e4-inbox@eclipse.org"}, "creator": "bpasero@rssowl.org", "groups": [], "blocks": [], "version": "unspecified", "product": "Incubator", "last_change_time": "2018-09-15T04:31:00Z", "url": "", "severity": "normal"}, {"qa_contact": "", "depends_on": [], "creation_time": "2008-10-23T14:41:20Z", "alias": [], "see_also": [], "is_creator_accessible": true, "deadline": null, "status": "NEW", "is_open": true, "classification": "Eclipse", "op_sys": "Windows Vista", "id": 251849, "is_confirmed": true, "component": "e4", "priority": "P3", "cc": ["eclipse.felipe@gmail.com", "gheorghe@ca.ibm.com", "Silenio_Quarti@ca.ibm.com", "snorthov@ca.ibm.com"], "creator": "bpasero@rssowl.org", "assigned_to_detail": {"email": "eclipse.e4-inbox@eclipse.org", "id": 47364, "real_name": "E4 Inbox", "name": "eclipse.e4-inbox@eclipse.org"}, "target_milestone": "---", "resolution": "", "creator_detail": {"name": "bpasero@rssowl.org", "real_name": "Benjamin Pasero", "email": "bpasero@rssowl.org", "id": 8731}, "last_change_time": "2018-09-18T15:41:54Z", "url": "", "severity": "normal", "groups": [], "blocks": [], "version": "unspecified", "product": "Incubator", "platform": "PC", "summary": "event.item is null for Selection events (flex)", "assigned_to": "eclipse.e4-inbox@eclipse.org", "whiteboard": "stalebug", "keywords": [], "is_cc_accessible": true, "dupe_of": null, "flags": [], "cc_detail": [{"real_name": "Felipe Heidrich", "name": "eclipse.felipe@gmail.com", "email": "eclipse.felipe@gmail.com", "id": 481}, {"email": "gheorghe@ca.ibm.com", "id": 5470, "real_name": "Bogdan Gheorghe", "name": "gheorghe@ca.ibm.com"}, {"real_name": "Silenio Quarti", "name": "Silenio_Quarti@ca.ibm.com", "id": 18, "email": "Silenio_Quarti@ca.ibm.com"}, {"real_name": "Steve Northover", "name": "snorthov@ca.ibm.com", "email": "snorthov@ca.ibm.com", "id": 58}]}, {"depends_on": [], "qa_contact": "", "alias": [], "see_also": [], "creation_time": "2008-10-23T15:18:37Z", "op_sys": "Windows XP", "deadline": null, "is_creator_accessible": true, "classification": "Eclipse", "status": "RESOLVED", "is_open": false, "component": "e4", "is_confirmed": true, "id": 251862, "target_milestone": "---", "resolution": "FIXED", "creator_detail": {"id": 12828, "email": "bokowski@google.com", "name": "bokowski@google.com", "real_name": "Boris Bokowski"}, "priority": "P3", "cc": [], "assigned_to_detail": {"email": "Olivier_Thomann@ca.ibm.com", "id": 13, "name": "Olivier_Thomann@ca.ibm.com", "real_name": "Olivier Thomann"}, "creator": "bokowski@google.com", "version": "unspecified", "blocks": [], "groups": [], "product": "Incubator", "last_change_time": "2008-10-29T14:58:24Z", "severity": "normal", "url": "", "whiteboard": "", "assigned_to": "Olivier_Thomann@ca.ibm.com", "summary": "Stack overflow in Java->AS compiler", "platform": "PC", "cc_detail": [], "is_cc_accessible": true, "keywords": [], "dupe_of": null, "flags": []}, {"deadline": null, "is_creator_accessible": true, "classification": "Eclipse", "is_open": false, "status": "RESOLVED", "op_sys": "Windows Vista", "id": 252605, "is_confirmed": true, "component": "e4", "qa_contact": "", "depends_on": [], "creation_time": "2008-10-29T15:28:09Z", "alias": [], "see_also": [], "summary": "Unable to assign a value to a field from an anonymous inner class (flex)", "platform": "PC", "assigned_to": "Olivier_Thomann@ca.ibm.com", "whiteboard": "", "is_cc_accessible": true, "keywords": [], "flags": [], "dupe_of": null, "cc_detail": [{"real_name": "Bogdan Gheorghe", "name": "gheorghe@ca.ibm.com", "email": "gheorghe@ca.ibm.com", "id": 5470}, {"id": 18, "email": "Silenio_Quarti@ca.ibm.com", "real_name": "Silenio Quarti", "name": "Silenio_Quarti@ca.ibm.com"}, {"real_name": "Steve Northover", "name": "snorthov@ca.ibm.com", "email": "snorthov@ca.ibm.com", "id": 58}], "cc": ["gheorghe@ca.ibm.com", "Silenio_Quarti@ca.ibm.com", "snorthov@ca.ibm.com"], "priority": "P3", "assigned_to_detail": {"real_name": "Olivier Thomann", "name": "Olivier_Thomann@ca.ibm.com", "email": "Olivier_Thomann@ca.ibm.com", "id": 13}, "creator": "bpasero@rssowl.org", "target_milestone": "---", "resolution": "FIXED", "creator_detail": {"email": "bpasero@rssowl.org", "id": 8731, "name": "bpasero@rssowl.org", "real_name": "Benjamin Pasero"}, "last_change_time": "2008-11-03T18:24:55Z", "severity": "normal", "url": "", "blocks": [], "version": "unspecified", "groups": [], "product": "Incubator"}, {"priority": "P3", "cc": ["eclipse.felipe@gmail.com", "Silenio_Quarti@ca.ibm.com", "snorthov@ca.ibm.com"], "creator": "eric_hung@ca.ibm.com", "assigned_to_detail": {"id": 53081, "email": "eric_hung@ca.ibm.com", "name": "eric_hung@ca.ibm.com", "real_name": "Eric Hung"}, "target_milestone": "---", "resolution": "", "creator_detail": {"real_name": "Eric Hung", "name": "eric_hung@ca.ibm.com", "id": 53081, "email": "eric_hung@ca.ibm.com"}, "last_change_time": "2018-09-16T18:13:56Z", "url": "", "severity": "normal", "version": "unspecified", "blocks": [], "groups": [], "product": "Incubator", "summary": "[Flex] Display image in tool item", "platform": "PC", "assigned_to": "eric_hung@ca.ibm.com", "whiteboard": "stalebug", "is_cc_accessible": true, "keywords": [], "dupe_of": null, "flags": [], "cc_detail": [{"email": "eclipse.felipe@gmail.com", "id": 481, "name": "eclipse.felipe@gmail.com", "real_name": "Felipe Heidrich"}, {"real_name": "Silenio Quarti", "name": "Silenio_Quarti@ca.ibm.com", "email": "Silenio_Quarti@ca.ibm.com", "id": 18}, {"real_name": "Steve Northover", "name": "snorthov@ca.ibm.com", "id": 58, "email": "snorthov@ca.ibm.com"}], "qa_contact": "", "depends_on": [], "creation_time": "2008-11-05T14:00:08Z", "alias": [], "see_also": [], "deadline": null, "is_creator_accessible": true, "classification": "Eclipse", "is_open": true, "status": "NEW", "op_sys": "Windows XP", "is_confirmed": true, "id": 253910, "component": "e4"}, {"id": 253957, "is_confirmed": true, "component": "e4", "classification": "Eclipse", "status": "NEW", "is_open": true, "deadline": null, "is_creator_accessible": true, "op_sys": "Windows XP", "creation_time": "2008-11-05T16:59:04Z", "see_also": [], "alias": [], "qa_contact": "", "depends_on": [], "dupe_of": null, "flags": [], "is_cc_accessible": true, "keywords": [], "cc_detail": [{"email": "eclipse.felipe@gmail.com", "id": 481, "real_name": "Felipe Heidrich", "name": "eclipse.felipe@gmail.com"}, {"real_name": "Steve Northover", "name": "snorthov@ca.ibm.com", "id": 58, "email": "snorthov@ca.ibm.com"}], "summary": "(Desktop to Flex)  Adding underline to the shortcut key", "platform": "PC", "whiteboard": "stalebug", "assigned_to": "eclipse.e4-inbox@eclipse.org", "url": "", "severity": "normal", "last_change_time": "2018-09-20T22:02:58Z", "product": "Incubator", "blocks": [], "version": "unspecified", "groups": [], "creator": "eric_hung@ca.ibm.com", "assigned_to_detail": {"email": "eclipse.e4-inbox@eclipse.org", "id": 47364, "real_name": "E4 Inbox", "name": "eclipse.e4-inbox@eclipse.org"}, "cc": ["eclipse.felipe@gmail.com", "snorthov@ca.ibm.com"], "priority": "P3", "creator_detail": {"email": "eric_hung@ca.ibm.com", "id": 53081, "real_name": "Eric Hung", "name": "eric_hung@ca.ibm.com"}, "resolution": "", "target_milestone": "---"}, {"keywords": [], "is_cc_accessible": true, "dupe_of": null, "flags": [], "cc_detail": [{"id": 481, "email": "eclipse.felipe@gmail.com", "name": "eclipse.felipe@gmail.com", "real_name": "Felipe Heidrich"}], "platform": "PC", "summary": "[Flex] Device Fonts", "assigned_to": "eric_hung@ca.ibm.com", "whiteboard": "", "last_change_time": "2008-12-18T16:23:25Z", "url": "", "severity": "normal", "groups": [], "blocks": [], "version": "unspecified", "product": "Incubator", "priority": "P3", "cc": ["eclipse.felipe@gmail.com"], "creator": "eric_hung@ca.ibm.com", "assigned_to_detail": {"real_name": "Eric Hung", "name": "eric_hung@ca.ibm.com", "id": 53081, "email": "eric_hung@ca.ibm.com"}, "target_milestone": "---", "creator_detail": {"id": 53081, "email": "eric_hung@ca.ibm.com", "name": "eric_hung@ca.ibm.com", "real_name": "Eric Hung"}, "resolution": "FIXED", "is_confirmed": true, "id": 258692, "component": "e4", "is_creator_accessible": true, "deadline": null, "is_open": false, "status": "RESOLVED", "classification": "Eclipse", "op_sys": "Windows XP", "creation_time": "2008-12-12T20:00:12Z", "alias": [], "see_also": [], "qa_contact": "", "depends_on": []}, {"assigned_to_detail": {"email": "eric_hung@ca.ibm.com", "id": 53081, "name": "eric_hung@ca.ibm.com", "real_name": "Eric Hung"}, "creator": "eric_hung@ca.ibm.com", "priority": "P3", "cc": ["eclipse.felipe@gmail.com"], "creator_detail": {"real_name": "Eric Hung", "name": "eric_hung@ca.ibm.com", "email": "eric_hung@ca.ibm.com", "id": 53081}, "resolution": "FIXED", "target_milestone": "---", "severity": "normal", "url": "", "last_change_time": "2008-12-18T15:59:10Z", "product": "Incubator", "version": "unspecified", "blocks": [], "groups": [], "summary": "[Flex] ScrollBar for the CoolBar", "platform": "PC", "assigned_to": "eric_hung@ca.ibm.com", "whiteboard": "", "flags": [], "dupe_of": null, "is_cc_accessible": true, "keywords": [], "cc_detail": [{"id": 481, "email": "eclipse.felipe@gmail.com", "name": "eclipse.felipe@gmail.com", "real_name": "Felipe Heidrich"}], "qa_contact": "", "depends_on": [], "creation_time": "2008-12-12T20:20:14Z", "see_also": [], "alias": [], "classification": "Eclipse", "status": "RESOLVED", "is_open": false, "deadline": null, "is_creator_accessible": true, "op_sys": "Windows XP", "id": 258696, "is_confirmed": true, "component": "e4"}, {"depends_on": [], "qa_contact": "", "see_also": [], "alias": [], "creation_time": "2008-12-12T20:33:09Z", "op_sys": "Windows XP", "status": "RESOLVED", "is_open": false, "classification": "Eclipse", "is_creator_accessible": true, "deadline": null, "component": "e4", "is_confirmed": true, "id": 258699, "resolution": "FIXED", "creator_detail": {"email": "eric_hung@ca.ibm.com", "id": 53081, "name": "eric_hung@ca.ibm.com", "real_name": "Eric Hung"}, "target_milestone": "---", "creator": "eric_hung@ca.ibm.com", "assigned_to_detail": {"real_name": "Eric Hung", "name": "eric_hung@ca.ibm.com", "email": "eric_hung@ca.ibm.com", "id": 53081}, "priority": "P3", "cc": ["eclipse.felipe@gmail.com"], "product": "Incubator", "groups": [], "blocks": [], "version": "unspecified", "severity": "normal", "url": "", "last_change_time": "2008-12-18T17:07:34Z", "whiteboard": "", "assigned_to": "eric_hung@ca.ibm.com", "platform": "PC", "summary": "[Flex] Decoration and Shell", "cc_detail": [{"email": "eclipse.felipe@gmail.com", "id": 481, "name": "eclipse.felipe@gmail.com", "real_name": "Felipe Heidrich"}], "dupe_of": null, "flags": [], "keywords": [], "is_cc_accessible": true}, {"depends_on": [], "qa_contact": "", "see_also": [], "alias": [], "creation_time": "2008-12-18T19:19:48Z", "op_sys": "Windows XP", "is_open": true, "status": "NEW", "classification": "Eclipse", "is_creator_accessible": true, "deadline": null, "component": "e4", "is_confirmed": true, "id": 259296, "resolution": "", "creator_detail": {"real_name": "Felipe Heidrich", "name": "eclipse.felipe@gmail.com", "id": 481, "email": "eclipse.felipe@gmail.com"}, "target_milestone": "---", "creator": "eclipse.felipe@gmail.com", "assigned_to_detail": {"email": "eclipse.felipe@gmail.com", "id": 481, "name": "eclipse.felipe@gmail.com", "real_name": "Felipe Heidrich"}, "cc": [], "priority": "P3", "product": "Incubator", "groups": [], "version": "unspecified", "blocks": [], "severity": "normal", "url": "", "last_change_time": "2018-09-14T20:32:38Z", "whiteboard": "stalebug", "assigned_to": "eclipse.felipe@gmail.com", "platform": "PC", "summary": "[FLEX]Dialogs support for Flex", "cc_detail": [], "dupe_of": null, "flags": [], "keywords": [], "is_cc_accessible": true}, {"creator": "eclipse.felipe@gmail.com", "assigned_to_detail": {"email": "eclipse.felipe@gmail.com", "id": 481, "real_name": "Felipe Heidrich", "name": "eclipse.felipe@gmail.com"}, "cc": [], "priority": "P3", "resolution": "", "creator_detail": {"name": "eclipse.felipe@gmail.com", "real_name": "Felipe Heidrich", "email": "eclipse.felipe@gmail.com", "id": 481}, "target_milestone": "---", "severity": "normal", "url": "", "last_change_time": "2018-09-22T13:52:05Z", "product": "Incubator", "blocks": [], "version": "unspecified", "groups": [], "summary": "[FLEX]TextEditor web port", "platform": "PC", "whiteboard": "stalebug", "assigned_to": "eclipse.felipe@gmail.com", "flags": [], "dupe_of": null, "is_cc_accessible": true, "keywords": [], "cc_detail": [], "qa_contact": "", "depends_on": [], "creation_time": "2008-12-18T19:26:22Z", "see_also": [], "alias": [], "classification": "Eclipse", "status": "NEW", "is_open": true, "deadline": null, "is_creator_accessible": true, "op_sys": "Windows XP", "id": 259298, "is_confirmed": true, "component": "e4"}, {"qa_contact": "", "depends_on": [], "creation_time": "2008-12-18T20:56:59Z", "see_also": [], "alias": [], "classification": "Eclipse", "is_open": true, "status": "NEW", "deadline": null, "is_creator_accessible": true, "op_sys": "Windows XP", "id": 259315, "is_confirmed": true, "component": "e4", "creator": "eclipse.felipe@gmail.com", "assigned_to_detail": {"name": "eclipse.felipe@gmail.com", "real_name": "Felipe Heidrich", "email": "eclipse.felipe@gmail.com", "id": 481}, "priority": "P3", "cc": [], "resolution": "", "creator_detail": {"id": 481, "email": "eclipse.felipe@gmail.com", "real_name": "Felipe Heidrich", "name": "eclipse.felipe@gmail.com"}, "target_milestone": "---", "severity": "normal", "url": "", "last_change_time": "2018-09-15T19:03:12Z", "product": "Incubator", "blocks": [], "version": "unspecified", "groups": [], "summary": "[FLEX]new Toolbar  implementation (incomplete)", "platform": "PC", "assigned_to": "eclipse.felipe@gmail.com", "whiteboard": "stalebug", "dupe_of": null, "flags": [], "is_cc_accessible": true, "keywords": [], "cc_detail": []}, {"keywords": [], "is_cc_accessible": true, "flags": [], "dupe_of": null, "cc_detail": [{"email": "remy.suen@gmail.com", "id": 27609, "name": "remy.suen@gmail.com", "real_name": "Remy Suen"}], "platform": "PC", "summary": "Eclipse does not start in Debian Lenny", "assigned_to": "eclipse.e4-inbox@eclipse.org", "whiteboard": "", "last_change_time": "2009-02-23T11:38:06Z", "url": "", "severity": "major", "groups": [], "blocks": [], "version": "unspecified", "product": "Incubator", "cc": ["remy.suen@gmail.com"], "priority": "P3", "assigned_to_detail": {"real_name": "E4 Inbox", "name": "eclipse.e4-inbox@eclipse.org", "id": 47364, "email": "eclipse.e4-inbox@eclipse.org"}, "creator": "aronzak13@gmail.com", "target_milestone": "---", "resolution": "FIXED", "creator_detail": {"real_name": "Aronzak", "name": "aronzak13@gmail.com", "id": 59759, "email": "aronzak13@gmail.com"}, "is_confirmed": true, "id": 265423, "component": "e4", "is_creator_accessible": true, "deadline": null, "is_open": false, "status": "RESOLVED", "classification": "Eclipse", "op_sys": "Linux", "creation_time": "2009-02-19T09:06:12Z", "alias": [], "see_also": [], "qa_contact": "", "depends_on": []}, {"qa_contact": "", "depends_on": [], "creation_time": "2010-03-30T16:33:09Z", "see_also": [], "alias": [], "classification": "Eclipse", "is_open": true, "status": "NEW", "deadline": null, "is_creator_accessible": true, "op_sys": "Windows XP", "is_confirmed": true, "id": 307551, "component": "e4", "assigned_to_detail": {"email": "bokowski@google.com", "id": 12828, "real_name": "Boris Bokowski", "name": "bokowski@google.com"}, "creator": "bokowski@google.com", "cc": [], "priority": "P3", "creator_detail": {"id": 12828, "email": "bokowski@google.com", "real_name": "Boris Bokowski", "name": "bokowski@google.com"}, "resolution": "", "target_milestone": "---", "url": "", "severity": "normal", "last_change_time": "2018-09-11T20:24:23Z", "product": "Incubator", "version": "unspecified", "blocks": [], "groups": [], "summary": "please ignore (testing)", "platform": "PC", "whiteboard": "stalebug", "assigned_to": "bokowski@google.com", "dupe_of": null, "flags": [], "is_cc_accessible": true, "keywords": [], "cc_detail": []}, {"creation_time": "2010-10-14T06:51:46Z", "see_also": [], "alias": [], "qa_contact": "", "depends_on": [], "id": 327736, "is_confirmed": true, "component": "e4", "classification": "Eclipse", "status": "RESOLVED", "is_open": false, "deadline": null, "is_creator_accessible": true, "op_sys": "Windows 7", "severity": "normal", "url": "", "last_change_time": "2010-10-14T13:29:45Z", "product": "Incubator", "blocks": [], "version": "unspecified", "groups": [], "creator": "kai.toedter@siemens.com", "assigned_to_detail": {"email": "eclipse.e4-inbox@eclipse.org", "id": 47364, "real_name": "E4 Inbox", "name": "eclipse.e4-inbox@eclipse.org"}, "priority": "P3", "cc": ["Lars.Vogel@vogella.com", "remy.suen@gmail.com"], "creator_detail": {"email": "kai.toedter@siemens.com", "id": 23847, "real_name": "Kai Toedter", "name": "kai.toedter@siemens.com"}, "resolution": "WONTFIX", "target_milestone": "---", "dupe_of": null, "flags": [], "is_cc_accessible": true, "keywords": [], "cc_detail": [{"name": "Lars.Vogel@vogella.com", "real_name": "Lars Vogel", "id": 31345, "email": "Lars.Vogel@vogella.com"}, {"name": "remy.suen@gmail.com", "real_name": "Remy Suen", "email": "remy.suen@gmail.com", "id": 27609}], "summary": "Make the e4 p2 repository (with e4 tools) self-contained", "platform": "PC", "whiteboard": "", "assigned_to": "eclipse.e4-inbox@eclipse.org"}, {"component": "e4", "is_confirmed": true, "id": 385428, "op_sys": "Windows 7", "classification": "Eclipse", "is_open": true, "status": "NEW", "deadline": null, "is_creator_accessible": true, "see_also": [], "alias": [], "creation_time": "2012-07-18T17:34:36Z", "depends_on": [], "qa_contact": "", "cc_detail": [], "flags": [], "dupe_of": null, "is_cc_accessible": true, "keywords": [], "whiteboard": "stalebug", "assigned_to": "eclipse.e4-inbox@eclipse.org", "summary": "E4 CSS editor has fixed size and doesn't follow preferences dialog size", "platform": "PC", "product": "Incubator", "blocks": [], "version": "unspecified", "groups": [], "severity": "normal", "url": "", "last_change_time": "2018-09-16T17:02:14Z", "resolution": "", "creator_detail": {"name": "mariomarinato@gmail.com", "real_name": "Mario Marinato", "email": "mariomarinato@gmail.com", "id": 109143}, "target_milestone": "---", "creator": "mariomarinato@gmail.com", "assigned_to_detail": {"name": "eclipse.e4-inbox@eclipse.org", "real_name": "E4 Inbox", "email": "eclipse.e4-inbox@eclipse.org", "id": 47364}, "priority": "P3", "cc": []}, {"see_also": [], "alias": [], "creation_time": "2012-07-18T17:58:48Z", "depends_on": [], "qa_contact": "", "component": "e4", "is_confirmed": true, "id": 385429, "op_sys": "Windows 7", "classification": "Eclipse", "is_open": true, "status": "NEW", "deadline": null, "is_creator_accessible": true, "product": "Incubator", "blocks": [], "version": "unspecified", "groups": [], "severity": "normal", "url": "", "last_change_time": "2018-09-19T22:19:57Z", "creator_detail": {"id": 109143, "email": "mariomarinato@gmail.com", "real_name": "Mario Marinato", "name": "mariomarinato@gmail.com"}, "resolution": "", "target_milestone": "---", "assigned_to_detail": {"real_name": "E4 Inbox", "name": "eclipse.e4-inbox@eclipse.org", "id": 47364, "email": "eclipse.e4-inbox@eclipse.org"}, "creator": "mariomarinato@gmail.com", "priority": "P3", "cc": [], "cc_detail": [], "flags": [], "dupe_of": null, "is_cc_accessible": true, "keywords": [], "assigned_to": "eclipse.e4-inbox@eclipse.org", "whiteboard": "stalebug", "summary": "E4 CSS editor saves on cancel and warns about concurrent editing", "platform": "PC"}, {"component": "e4", "id": 389958, "is_confirmed": true, "op_sys": "Linux", "classification": "Eclipse", "is_open": false, "status": "RESOLVED", "deadline": null, "is_creator_accessible": true, "see_also": [], "alias": [], "creation_time": "2012-09-19T23:11:53Z", "depends_on": [], "qa_contact": "", "cc_detail": [{"id": 152084, "email": "luizfelipe.silvaleme@gmail.com", "name": "luizfelipe.silvaleme@gmail.com", "real_name": "Luiz Felipe Silva Leme"}, {"real_name": "Sarika Sinha", "name": "sarika.sinha@in.ibm.com", "email": "sarika.sinha@in.ibm.com", "id": 72134}], "dupe_of": null, "flags": [], "is_cc_accessible": true, "keywords": [], "assigned_to": "jdt-debug-inbox@eclipse.org", "whiteboard": "stalebug", "summary": "Ubuntu Linux 12.04", "platform": "PC", "product": "Incubator", "blocks": [], "version": "unspecified", "groups": [], "severity": "normal", "url": "", "last_change_time": "2018-09-14T05:49:38Z", "resolution": "WORKSFORME", "creator_detail": {"real_name": "Luiz Felipe Silva Leme", "name": "luizfelipe.silvaleme@gmail.com", "email": "luizfelipe.silvaleme@gmail.com", "id": 152084}, "target_milestone": "---", "assigned_to_detail": {"name": "jdt-debug-inbox@eclipse.org", "real_name": "JDT-Debug-Inbox", "id": 2225, "email": "jdt-debug-inbox@eclipse.org"}, "creator": "luizfelipe.silvaleme@gmail.com", "cc": ["luizfelipe.silvaleme@gmail.com", "sarika.sinha@in.ibm.com"], "priority": "P3"}, {"groups": [], "version": "unspecified", "blocks": [], "product": "Incubator", "last_change_time": "2018-09-21T17:54:38Z", "url": "", "severity": "normal", "target_milestone": "---", "resolution": "", "creator_detail": {"email": "david_williams@acm.org", "id": 583, "name": "david_williams@acm.org", "real_name": "David Williams"}, "priority": "P3", "cc": ["daniel_megert@ch.ibm.com", "david_williams@acm.org"], "creator": "david_williams@acm.org", "assigned_to_detail": {"name": "eclipse.e4-inbox@eclipse.org", "real_name": "E4 Inbox", "id": 47364, "email": "eclipse.e4-inbox@eclipse.org"}, "cc_detail": [{"email": "daniel_megert@ch.ibm.com", "id": 39, "real_name": "Dani Megert", "name": "daniel_megert@ch.ibm.com"}, {"real_name": "David Williams", "name": "david_williams@acm.org", "id": 583, "email": "david_williams@acm.org"}], "keywords": [], "is_cc_accessible": true, "flags": [], "dupe_of": null, "assigned_to": "eclipse.e4-inbox@eclipse.org", "whiteboard": "stalebug", "platform": "PC", "summary": "org.eclipse.e4.builder has tons of files without copyright", "alias": [], "see_also": [], "creation_time": "2014-06-02T18:55:20Z", "depends_on": [], "qa_contact": "", "component": "e4", "is_confirmed": true, "id": 436401, "op_sys": "Windows 7", "is_creator_accessible": true, "deadline": null, "is_open": true, "status": "NEW", "classification": "Eclipse"}, {"assigned_to": "eclipse.e4-inbox@eclipse.org", "whiteboard": "", "summary": "breakpoints not working", "platform": "PC", "cc_detail": [], "dupe_of": null, "flags": [], "is_cc_accessible": true, "keywords": [], "resolution": "WORKSFORME", "creator_detail": {"id": 341299, "email": "coldchillin_aa@yahoo.com", "name": "coldchillin_aa@yahoo.com", "real_name": "Adam Swartz"}, "target_milestone": "---", "assigned_to_detail": {"id": 47364, "email": "eclipse.e4-inbox@eclipse.org", "real_name": "E4 Inbox", "name": "eclipse.e4-inbox@eclipse.org"}, "creator": "coldchillin_aa@yahoo.com", "cc": [], "priority": "P3", "product": "Incubator", "blocks": [], "version": "unspecified", "groups": [], "severity": "critical", "url": "", "last_change_time": "2018-01-23T06:53:06Z", "op_sys": "Windows 7", "classification": "Eclipse", "is_open": false, "status": "RESOLVED", "deadline": null, "is_creator_accessible": true, "component": "e4", "is_confirmed": true, "id": 525839, "depends_on": [], "qa_contact": "", "see_also": [], "alias": [], "creation_time": "2017-10-10T22:38:53Z"}]