[{"creation_time": "2019-03-05T01:46:20Z", "is_open": true, "resolution": "", "cc": ["daniel_megert@ch.ibm.com"], "id": 545036, "flags": [], "creator_detail": {"email": "shijinsj@cn.ibm.com", "id": 176568, "real_name": "Jin Shi", "name": "shijinsj@cn.ibm.com"}, "last_change_time": "2019-03-06T14:59:29Z", "assigned_to": "kalyan_prasad@in.ibm.com", "see_also": [], "groups": [], "depends_on": [], "cc_detail": [{"real_name": "Dani Megert", "email": "daniel_megert@ch.ibm.com", "id": 39, "name": "daniel_megert@ch.ibm.com"}], "op_sys": "All", "product": "Platform", "is_cc_accessible": true, "keywords": [], "component": "UI", "summary": "[bidi] content assist positioning for fields is wrong for RTL", "creator": "shijinsj@cn.ibm.com", "alias": [], "assigned_to_detail": {"name": "kalyan_prasad@in.ibm.com", "real_name": "Kalyan Prasad Tatavarthi", "email": "kalyan_prasad@in.ibm.com", "id": 236459}, "qa_contact": "", "whiteboard": "", "is_confirmed": true, "severity": "minor", "classification": "Eclipse", "blocks": [], "url": "", "priority": "P3", "platform": "PC", "status": "NEW", "version": "4.11", "target_milestone": "4.12", "deadline": null, "dupe_of": null, "is_creator_accessible": true}, {"qa_contact": "", "whiteboard": "", "severity": "normal", "is_confirmed": true, "component": "SWT", "summary": "Mouse navigator icon hops on Linux with X11 backend", "creator": "sravankumarl@in.ibm.com", "alias": [], "assigned_to_detail": {"name": "platform-swt-inbox@eclipse.org", "email": "platform-swt-inbox@eclipse.org", "id": 2206, "real_name": "Platform-SWT-Inbox"}, "target_milestone": "---", "version": "4.11", "status": "NEW", "deadline": null, "is_creator_accessible": true, "dupe_of": null, "classification": "Eclipse", "url": "", "priority": "P3", "blocks": [], "platform": "PC", "flags": [], "id": 545041, "creator_detail": {"id": 183587, "email": "sravankumarl@in.ibm.com", "real_name": "Sravan Kumar Lakkimsetti", "name": "sravankumarl@in.ibm.com"}, "last_change_time": "2019-03-05T06:57:48Z", "is_open": true, "creation_time": "2019-03-05T06:57:48Z", "cc": [], "resolution": "", "op_sys": "Windows 7", "product": "Platform", "keywords": [], "is_cc_accessible": true, "groups": [], "assigned_to": "platform-swt-inbox@eclipse.org", "see_also": [], "cc_detail": [], "depends_on": []}, {"flags": [], "id": 545053, "creator_detail": {"name": "niraj.modi@in.ibm.com", "email": "niraj.modi@in.ibm.com", "id": 177714, "real_name": "Niraj Modi"}, "last_change_time": "2019-03-06T08:44:28Z", "is_open": false, "creation_time": "2019-03-05T10:29:32Z", "cc": ["daniel_megert@ch.ibm.com", "sravankumarl@in.ibm.com"], "resolution": "FIXED", "product": "Platform", "op_sys": "All", "keywords": [], "is_cc_accessible": true, "assigned_to": "niraj.modi@in.ibm.com", "groups": [], "see_also": ["https://git.eclipse.org/r/138055", "https://git.eclipse.org/c/platform/eclipse.platform.releng.aggregator.git/commit/?id=4c20c6eed20294294b449a02343eeb04af301a81"], "depends_on": [], "cc_detail": [{"name": "daniel_megert@ch.ibm.com", "id": 39, "email": "daniel_megert@ch.ibm.com", "real_name": "Dani Megert"}, {"real_name": "Sravan Kumar Lakkimsetti", "id": 183587, "email": "sravankumarl@in.ibm.com", "name": "sravankumarl@in.ibm.com"}], "whiteboard": "", "qa_contact": "", "severity": "normal", "is_confirmed": true, "component": "Releng", "creator": "niraj.modi@in.ibm.com", "summary": "Enable API Freeze Report for 4.11", "alias": [], "assigned_to_detail": {"email": "niraj.modi@in.ibm.com", "id": 177714, "real_name": "Niraj Modi", "name": "niraj.modi@in.ibm.com"}, "target_milestone": "4.11 RC2", "version": "4.11", "status": "VERIFIED", "deadline": null, "is_creator_accessible": true, "dupe_of": null, "classification": "Eclipse", "url": "", "priority": "P3", "blocks": [], "platform": "PC"}, {"cc_detail": [], "depends_on": [], "see_also": [], "groups": [], "assigned_to": "platform-releng-inbox@eclipse.org", "keywords": [], "is_cc_accessible": true, "op_sys": "Windows 7", "product": "Platform", "cc": [], "resolution": "", "is_open": true, "creation_time": "2019-03-05T11:14:46Z", "last_change_time": "2019-03-05T11:14:46Z", "creator_detail": {"name": "sravankumarl@in.ibm.com", "real_name": "Sravan Kumar Lakkimsetti", "id": 183587, "email": "sravankumarl@in.ibm.com"}, "flags": [], "id": 545058, "platform": "PC", "priority": "P3", "url": "", "blocks": [], "classification": "Eclipse", "is_creator_accessible": true, "dupe_of": null, "deadline": null, "target_milestone": "---", "status": "NEW", "version": "4.11", "assigned_to_detail": {"name": "platform-releng-inbox@eclipse.org", "email": "platform-releng-inbox@eclipse.org", "id": 2217, "real_name": "Platform-Releng-Inbox"}, "alias": [], "summary": "Do pull before pushing build input commit", "creator": "sravankumarl@in.ibm.com", "component": "Releng", "severity": "normal", "is_confirmed": true, "whiteboard": "", "qa_contact": ""}, {"dupe_of": null, "is_creator_accessible": true, "version": "4.11", "status": "NEW", "target_milestone": "---", "deadline": null, "blocks": [], "url": "", "priority": "P3", "platform": "PC", "classification": "Eclipse", "is_confirmed": true, "severity": "normal", "whiteboard": "", "qa_contact": "", "alias": [], "assigned_to_detail": {"email": "laurent.caron@gmail.com", "id": 116615, "real_name": "Laurent CARON", "name": "laurent.caron@gmail.com"}, "component": "SWT", "creator": "ericwill@redhat.com", "summary": "[GTK] MouseNavigation pastes text on middle click", "product": "Platform", "op_sys": "Linux", "keywords": ["triaged"], "is_cc_accessible": true, "cc_detail": [{"name": "laurent.caron@gmail.com", "email": "laurent.caron@gmail.com", "id": 116615, "real_name": "Laurent CARON"}, {"email": "loskutov@gmx.de", "id": 4787, "real_name": "Andrey Loskutov", "name": "loskutov@gmx.de"}, {"name": "sravankumarl@in.ibm.com", "real_name": "Sravan Kumar Lakkimsetti", "id": 183587, "email": "sravankumarl@in.ibm.com"}, {"name": "thomas.wolf@paranor.ch", "email": "thomas.wolf@paranor.ch", "id": 78839, "real_name": "Thomas Wolf"}], "depends_on": [], "see_also": ["https://bugs.eclipse.org/bugs/show_bug.cgi?id=542777", "https://bugs.eclipse.org/bugs/show_bug.cgi?id=544616"], "assigned_to": "laurent.caron@gmail.com", "groups": [], "last_change_time": "2019-03-06T16:39:37Z", "id": 545073, "flags": [], "creator_detail": {"id": 222272, "email": "ericwill@redhat.com", "real_name": "Eric Williams", "name": "ericwill@redhat.com"}, "creation_time": "2019-03-05T14:27:49Z", "is_open": true, "resolution": "", "cc": ["laurent.caron@gmail.com", "loskutov@gmx.de", "sravankumarl@in.ibm.com", "thomas.wolf@paranor.ch"]}, {"deadline": null, "status": "ASSIGNED", "version": "4.9", "target_milestone": "---", "dupe_of": null, "is_creator_accessible": true, "classification": "Eclipse", "platform": "All", "blocks": [], "url": "", "priority": "P3", "whiteboard": "", "qa_contact": "", "is_confirmed": true, "severity": "enhancement", "creator": "simeon.danailov.andreev@gmail.com", "summary": "[content assist] Keep content assist popup open even if user input has no matches", "component": "Text", "assigned_to_detail": {"real_name": "Platform-Text-Inbox", "email": "platform-text-inbox@eclipse.org", "id": 2220, "name": "platform-text-inbox@eclipse.org"}, "alias": [], "keywords": [], "is_cc_accessible": true, "op_sys": "All", "product": "Platform", "see_also": [], "assigned_to": "platform-text-inbox@eclipse.org", "groups": [], "cc_detail": [{"real_name": "Christian Dietrich", "email": "christian.dietrich@itemis.de", "id": 31875, "name": "christian.dietrich@itemis.de"}, {"real_name": "Dani Megert", "email": "daniel_megert@ch.ibm.com", "id": 39, "name": "daniel_megert@ch.ibm.com"}, {"name": "loskutov@gmx.de", "real_name": "Andrey Loskutov", "id": 4787, "email": "loskutov@gmx.de"}], "depends_on": [], "creator_detail": {"name": "simeon.danailov.andreev@gmail.com", "email": "simeon.danailov.andreev@gmail.com", "id": 312505, "real_name": "Simeon Andreev"}, "id": 545075, "flags": [], "last_change_time": "2019-03-06T17:29:46Z", "resolution": "", "cc": ["christian.dietrich@itemis.de", "daniel_megert@ch.ibm.com", "loskutov@gmx.de"], "creation_time": "2019-03-05T15:53:12Z", "is_open": true}, {"cc": ["akurtakov@gmail.com", "akurtakov@redhat.com", "daniel_megert@ch.ibm.com", "manpalat@in.ibm.com", "niraj.modi@in.ibm.com"], "resolution": "", "is_open": true, "creation_time": "2019-03-06T05:03:41Z", "last_change_time": "2019-03-06T11:19:54Z", "creator_detail": {"name": "sravankumarl@in.ibm.com", "real_name": "Sravan Kumar Lakkimsetti", "id": 183587, "email": "sravankumarl@in.ibm.com"}, "flags": [], "id": 545088, "depends_on": [545089, 545090, 545091, 545092, 545093, 545094, 545095, 545096, 545097, 545098, 545100, 545101, 545102], "cc_detail": [{"name": "akurtakov@gmail.com", "email": "akurtakov@gmail.com", "id": 16750, "real_name": "Alexander Kurtakov"}, {"name": "akurtakov@redhat.com", "real_name": "Alexander Kurtakov", "id": 59774, "email": "akurtakov@redhat.com"}, {"real_name": "Dani Megert", "id": 39, "email": "daniel_megert@ch.ibm.com", "name": "daniel_megert@ch.ibm.com"}, {"name": "manpalat@in.ibm.com", "real_name": "Manoj Palat", "email": "manpalat@in.ibm.com", "id": 152344}, {"name": "niraj.modi@in.ibm.com", "id": 177714, "email": "niraj.modi@in.ibm.com", "real_name": "Niraj Modi"}], "see_also": [], "groups": [], "assigned_to": "platform-releng-inbox@eclipse.org", "is_cc_accessible": true, "keywords": [], "product": "Platform", "op_sys": "Windows 7", "assigned_to_detail": {"name": "platform-releng-inbox@eclipse.org", "email": "platform-releng-inbox@eclipse.org", "id": 2217, "real_name": "Platform-Releng-Inbox"}, "alias": [], "creator": "sravankumarl@in.ibm.com", "summary": "Prep work for 4.12 and open master for development", "component": "Releng", "severity": "normal", "is_confirmed": true, "qa_contact": "", "whiteboard": "", "platform": "PC", "priority": "P3", "url": "", "blocks": [], "classification": "Eclipse", "is_creator_accessible": true, "dupe_of": null, "deadline": null, "target_milestone": "---", "status": "NEW", "version": "4.11"}, {"classification": "Eclipse", "platform": "PC", "blocks": [545088], "priority": "P3", "url": "", "deadline": null, "status": "NEW", "version": "4.11", "target_milestone": "---", "is_creator_accessible": true, "dupe_of": null, "creator": "sravankumarl@in.ibm.com", "summary": "Create parent pom and target sdk deployment jobs for 4.12", "component": "Releng", "assigned_to_detail": {"name": "platform-releng-inbox@eclipse.org", "id": 2217, "email": "platform-releng-inbox@eclipse.org", "real_name": "Platform-Releng-Inbox"}, "alias": [], "whiteboard": "", "qa_contact": "", "is_confirmed": true, "severity": "normal", "assigned_to": "platform-releng-inbox@eclipse.org", "see_also": [], "groups": [], "cc_detail": [{"name": "akurtakov@gmail.com", "real_name": "Alexander Kurtakov", "email": "akurtakov@gmail.com", "id": 16750}, {"real_name": "Manoj Palat", "id": 152344, "email": "manpalat@in.ibm.com", "name": "manpalat@in.ibm.com"}, {"real_name": "Niraj Modi", "id": 177714, "email": "niraj.modi@in.ibm.com", "name": "niraj.modi@in.ibm.com"}], "depends_on": [], "is_cc_accessible": true, "keywords": [], "product": "Platform", "op_sys": "Windows 7", "resolution": "", "cc": ["akurtakov@gmail.com", "manpalat@in.ibm.com", "niraj.modi@in.ibm.com"], "creation_time": "2019-03-06T05:05:16Z", "is_open": true, "creator_detail": {"real_name": "Sravan Kumar Lakkimsetti", "email": "sravankumarl@in.ibm.com", "id": 183587, "name": "sravankumarl@in.ibm.com"}, "id": 545089, "flags": [], "last_change_time": "2019-03-06T05:30:12Z"}, {"classification": "Eclipse", "url": "", "priority": "P3", "blocks": [545088], "platform": "PC", "target_milestone": "---", "version": "4.11", "status": "NEW", "deadline": null, "dupe_of": null, "is_creator_accessible": true, "component": "Releng", "summary": "Create new test jobs for 4.12", "creator": "sravankumarl@in.ibm.com", "alias": [], "assigned_to_detail": {"real_name": "Platform-Releng-Inbox", "email": "platform-releng-inbox@eclipse.org", "id": 2217, "name": "platform-releng-inbox@eclipse.org"}, "qa_contact": "", "whiteboard": "", "severity": "normal", "is_confirmed": true, "groups": [], "see_also": [], "assigned_to": "platform-releng-inbox@eclipse.org", "depends_on": [], "cc_detail": [{"name": "akurtakov@gmail.com", "real_name": "Alexander Kurtakov", "id": 16750, "email": "akurtakov@gmail.com"}, {"email": "manpalat@in.ibm.com", "id": 152344, "real_name": "Manoj Palat", "name": "manpalat@in.ibm.com"}, {"real_name": "Niraj Modi", "id": 177714, "email": "niraj.modi@in.ibm.com", "name": "niraj.modi@in.ibm.com"}], "product": "Platform", "op_sys": "Windows 7", "keywords": [], "is_cc_accessible": true, "is_open": true, "creation_time": "2019-03-06T05:06:12Z", "cc": ["akurtakov@gmail.com", "manpalat@in.ibm.com", "niraj.modi@in.ibm.com"], "resolution": "", "flags": [], "id": 545090, "creator_detail": {"real_name": "Sravan Kumar Lakkimsetti", "email": "sravankumarl@in.ibm.com", "id": 183587, "name": "sravankumarl@in.ibm.com"}, "last_change_time": "2019-03-06T05:30:11Z"}, {"cc": ["akurtakov@gmail.com", "manpalat@in.ibm.com", "niraj.modi@in.ibm.com"], "resolution": "", "is_open": true, "creation_time": "2019-03-06T05:07:23Z", "creator_detail": {"name": "sravankumarl@in.ibm.com", "id": 183587, "email": "sravankumarl@in.ibm.com", "real_name": "Sravan Kumar Lakkimsetti"}, "flags": [], "id": 545091, "last_change_time": "2019-03-06T05:30:12Z", "assigned_to": "platform-swt-inbox@eclipse.org", "groups": [], "see_also": [], "depends_on": [], "cc_detail": [{"id": 16750, "email": "akurtakov@gmail.com", "real_name": "Alexander Kurtakov", "name": "akurtakov@gmail.com"}, {"name": "manpalat@in.ibm.com", "email": "manpalat@in.ibm.com", "id": 152344, "real_name": "Manoj Palat"}, {"name": "niraj.modi@in.ibm.com", "id": 177714, "email": "niraj.modi@in.ibm.com", "real_name": "Niraj Modi"}], "keywords": [], "is_cc_accessible": true, "product": "Platform", "op_sys": "Windows 7", "creator": "sravankumarl@in.ibm.com", "summary": "Configure SWT build scripts for 4.12", "component": "SWT", "assigned_to_detail": {"name": "platform-swt-inbox@eclipse.org", "real_name": "Platform-SWT-Inbox", "email": "platform-swt-inbox@eclipse.org", "id": 2206}, "alias": [], "qa_contact": "", "whiteboard": "", "severity": "normal", "is_confirmed": true, "classification": "Eclipse", "platform": "PC", "priority": "P3", "url": "", "blocks": [545088], "deadline": null, "target_milestone": "---", "version": "4.11", "status": "NEW", "is_creator_accessible": true, "dupe_of": null}, {"is_confirmed": true, "severity": "normal", "whiteboard": "", "qa_contact": "", "alias": [], "assigned_to_detail": {"name": "platform-releng-inbox@eclipse.org", "real_name": "Platform-Releng-Inbox", "id": 2217, "email": "platform-releng-inbox@eclipse.org"}, "component": "Releng", "creator": "sravankumarl@in.ibm.com", "summary": "Need a new temporary splash screen for 4.12", "is_creator_accessible": true, "dupe_of": null, "version": "4.11", "status": "NEW", "target_milestone": "---", "deadline": null, "blocks": [545088], "priority": "P3", "url": "", "platform": "PC", "classification": "Eclipse", "last_change_time": "2019-03-06T05:30:25Z", "id": 545092, "flags": [], "creator_detail": {"name": "sravankumarl@in.ibm.com", "real_name": "Sravan Kumar Lakkimsetti", "email": "sravankumarl@in.ibm.com", "id": 183587}, "creation_time": "2019-03-06T05:08:23Z", "is_open": true, "resolution": "", "cc": ["akurtakov@gmail.com", "manpalat@in.ibm.com", "niraj.modi@in.ibm.com"], "product": "Platform", "op_sys": "Windows 7", "is_cc_accessible": true, "keywords": [], "depends_on": [], "cc_detail": [{"name": "akurtakov@gmail.com", "real_name": "Alexander Kurtakov", "email": "akurtakov@gmail.com", "id": 16750}, {"real_name": "Manoj Palat", "email": "manpalat@in.ibm.com", "id": 152344, "name": "manpalat@in.ibm.com"}, {"real_name": "Niraj Modi", "id": 177714, "email": "niraj.modi@in.ibm.com", "name": "niraj.modi@in.ibm.com"}], "assigned_to": "platform-releng-inbox@eclipse.org", "groups": [], "see_also": []}, {"last_change_time": "2019-03-06T05:30:24Z", "id": 545093, "flags": [], "creator_detail": {"real_name": "Sravan Kumar Lakkimsetti", "id": 183587, "email": "sravankumarl@in.ibm.com", "name": "sravankumarl@in.ibm.com"}, "creation_time": "2019-03-06T05:09:20Z", "is_open": true, "resolution": "", "cc": ["akurtakov@gmail.com", "manpalat@in.ibm.com", "niraj.modi@in.ibm.com"], "product": "Platform", "op_sys": "Windows 7", "keywords": [], "is_cc_accessible": true, "cc_detail": [{"name": "akurtakov@gmail.com", "real_name": "Alexander Kurtakov", "id": 16750, "email": "akurtakov@gmail.com"}, {"email": "manpalat@in.ibm.com", "id": 152344, "real_name": "Manoj Palat", "name": "manpalat@in.ibm.com"}, {"name": "niraj.modi@in.ibm.com", "real_name": "Niraj Modi", "id": 177714, "email": "niraj.modi@in.ibm.com"}], "depends_on": [], "see_also": [], "groups": [], "assigned_to": "platform-releng-inbox@eclipse.org", "is_confirmed": true, "severity": "normal", "whiteboard": "", "qa_contact": "", "alias": [], "assigned_to_detail": {"email": "platform-releng-inbox@eclipse.org", "id": 2217, "real_name": "Platform-Releng-Inbox", "name": "platform-releng-inbox@eclipse.org"}, "component": "Releng", "creator": "sravankumarl@in.ibm.com", "summary": "Create 4.12-I-builds repo", "is_creator_accessible": true, "dupe_of": null, "version": "4.11", "status": "NEW", "target_milestone": "---", "deadline": null, "blocks": [545088], "url": "", "priority": "P3", "platform": "PC", "classification": "Eclipse"}, {"whiteboard": "", "qa_contact": "", "severity": "normal", "is_confirmed": true, "creator": "sravankumarl@in.ibm.com", "summary": "POM and product version change for 4.12 release", "component": "Releng", "assigned_to_detail": {"real_name": "Platform-Releng-Inbox", "id": 2217, "email": "platform-releng-inbox@eclipse.org", "name": "platform-releng-inbox@eclipse.org"}, "alias": [], "deadline": null, "target_milestone": "---", "version": "4.11", "status": "NEW", "dupe_of": null, "is_creator_accessible": true, "classification": "Eclipse", "platform": "PC", "priority": "P3", "url": "", "blocks": [545088], "creator_detail": {"name": "sravankumarl@in.ibm.com", "real_name": "Sravan Kumar Lakkimsetti", "id": 183587, "email": "sravankumarl@in.ibm.com"}, "flags": [], "id": 545094, "last_change_time": "2019-03-06T05:30:16Z", "cc": ["akurtakov@gmail.com", "manpalat@in.ibm.com", "niraj.modi@in.ibm.com"], "resolution": "", "is_open": true, "creation_time": "2019-03-06T05:13:00Z", "is_cc_accessible": true, "keywords": [], "product": "Platform", "op_sys": "Windows 7", "assigned_to": "platform-releng-inbox@eclipse.org", "groups": [], "see_also": [], "depends_on": [], "cc_detail": [{"name": "akurtakov@gmail.com", "real_name": "Alexander Kurtakov", "email": "akurtakov@gmail.com", "id": 16750}, {"name": "manpalat@in.ibm.com", "real_name": "Manoj Palat", "email": "manpalat@in.ibm.com", "id": 152344}, {"name": "niraj.modi@in.ibm.com", "id": 177714, "email": "niraj.modi@in.ibm.com", "real_name": "Niraj Modi"}]}, {"creator_detail": {"name": "sravankumarl@in.ibm.com", "id": 183587, "email": "sravankumarl@in.ibm.com", "real_name": "Sravan Kumar Lakkimsetti"}, "flags": [], "id": 545095, "last_change_time": "2019-03-06T05:30:18Z", "cc": ["akurtakov@gmail.com", "manpalat@in.ibm.com", "niraj.modi@in.ibm.com"], "resolution": "", "is_open": true, "creation_time": "2019-03-06T05:13:59Z", "keywords": [], "is_cc_accessible": true, "op_sys": "Windows 7", "product": "Platform", "see_also": [], "assigned_to": "platform-releng-inbox@eclipse.org", "groups": [], "cc_detail": [{"id": 16750, "email": "akurtakov@gmail.com", "real_name": "Alexander Kurtakov", "name": "akurtakov@gmail.com"}, {"name": "manpalat@in.ibm.com", "email": "manpalat@in.ibm.com", "id": 152344, "real_name": "Manoj Palat"}, {"real_name": "Niraj Modi", "email": "niraj.modi@in.ibm.com", "id": 177714, "name": "niraj.modi@in.ibm.com"}], "depends_on": [], "whiteboard": "", "qa_contact": "", "severity": "normal", "is_confirmed": true, "creator": "sravankumarl@in.ibm.com", "summary": "Update Comparator repo and eclipse run repo to 4.12-I-builds repo", "component": "Releng", "assigned_to_detail": {"email": "platform-releng-inbox@eclipse.org", "id": 2217, "real_name": "Platform-Releng-Inbox", "name": "platform-releng-inbox@eclipse.org"}, "alias": [], "deadline": null, "target_milestone": "---", "status": "NEW", "version": "4.11", "dupe_of": null, "is_creator_accessible": true, "classification": "Eclipse", "platform": "PC", "url": "", "priority": "P3", "blocks": [545088]}, {"classification": "Eclipse", "platform": "PC", "blocks": [545088], "url": "", "priority": "P3", "deadline": null, "version": "4.11", "status": "NEW", "target_milestone": "---", "dupe_of": null, "is_creator_accessible": true, "creator": "sravankumarl@in.ibm.com", "summary": "Update product version number to 4.12 across build scripts", "component": "Releng", "assigned_to_detail": {"name": "platform-releng-inbox@eclipse.org", "real_name": "Platform-Releng-Inbox", "email": "platform-releng-inbox@eclipse.org", "id": 2217}, "alias": [], "whiteboard": "", "qa_contact": "", "is_confirmed": true, "severity": "normal", "groups": [], "assigned_to": "platform-releng-inbox@eclipse.org", "see_also": [], "depends_on": [], "cc_detail": [{"email": "akurtakov@gmail.com", "id": 16750, "real_name": "Alexander Kurtakov", "name": "akurtakov@gmail.com"}, {"name": "manpalat@in.ibm.com", "email": "manpalat@in.ibm.com", "id": 152344, "real_name": "Manoj Palat"}, {"name": "niraj.modi@in.ibm.com", "real_name": "Niraj Modi", "id": 177714, "email": "niraj.modi@in.ibm.com"}], "keywords": [], "is_cc_accessible": true, "op_sys": "Windows 7", "product": "Platform", "resolution": "", "cc": ["akurtakov@gmail.com", "manpalat@in.ibm.com", "niraj.modi@in.ibm.com"], "creation_time": "2019-03-06T05:14:53Z", "is_open": true, "creator_detail": {"email": "sravankumarl@in.ibm.com", "id": 183587, "real_name": "Sravan Kumar Lakkimsetti", "name": "sravankumarl@in.ibm.com"}, "id": 545096, "flags": [], "last_change_time": "2019-03-06T05:30:27Z"}, {"target_milestone": "---", "version": "4.11", "status": "NEW", "deadline": null, "is_creator_accessible": true, "dupe_of": null, "classification": "Eclipse", "url": "", "priority": "P3", "blocks": [545088], "platform": "PC", "whiteboard": "", "qa_contact": "", "severity": "normal", "is_confirmed": true, "component": "Releng", "creator": "sravankumarl@in.ibm.com", "summary": "Hide 4.12 builds from the download page", "alias": [], "assigned_to_detail": {"name": "platform-releng-inbox@eclipse.org", "email": "platform-releng-inbox@eclipse.org", "id": 2217, "real_name": "Platform-Releng-Inbox"}, "product": "Platform", "op_sys": "Windows 7", "is_cc_accessible": true, "keywords": [], "see_also": [], "assigned_to": "platform-releng-inbox@eclipse.org", "groups": [], "cc_detail": [{"name": "akurtakov@gmail.com", "real_name": "Alexander Kurtakov", "id": 16750, "email": "akurtakov@gmail.com"}, {"real_name": "Manoj Palat", "id": 152344, "email": "manpalat@in.ibm.com", "name": "manpalat@in.ibm.com"}, {"real_name": "Niraj Modi", "email": "niraj.modi@in.ibm.com", "id": 177714, "name": "niraj.modi@in.ibm.com"}], "depends_on": [], "flags": [], "id": 545097, "creator_detail": {"real_name": "Sravan Kumar Lakkimsetti", "id": 183587, "email": "sravankumarl@in.ibm.com", "name": "sravankumarl@in.ibm.com"}, "last_change_time": "2019-03-06T05:30:14Z", "is_open": true, "creation_time": "2019-03-06T05:15:44Z", "cc": ["akurtakov@gmail.com", "manpalat@in.ibm.com", "niraj.modi@in.ibm.com"], "resolution": ""}, {"classification": "Eclipse", "blocks": [545088], "url": "", "priority": "P3", "platform": "PC", "version": "4.11", "status": "NEW", "target_milestone": "---", "deadline": null, "dupe_of": null, "is_creator_accessible": true, "component": "Releng", "creator": "sravankumarl@in.ibm.com", "summary": "Move previous version to 4.10RC2 across build scripts", "alias": [], "assigned_to_detail": {"real_name": "Platform-Releng-Inbox", "id": 2217, "email": "platform-releng-inbox@eclipse.org", "name": "platform-releng-inbox@eclipse.org"}, "qa_contact": "", "whiteboard": "", "is_confirmed": true, "severity": "normal", "see_also": [], "groups": [], "assigned_to": "platform-releng-inbox@eclipse.org", "cc_detail": [{"name": "akurtakov@gmail.com", "id": 16750, "email": "akurtakov@gmail.com", "real_name": "Alexander Kurtakov"}, {"name": "manpalat@in.ibm.com", "real_name": "Manoj Palat", "id": 152344, "email": "manpalat@in.ibm.com"}, {"id": 177714, "email": "niraj.modi@in.ibm.com", "real_name": "Niraj Modi", "name": "niraj.modi@in.ibm.com"}], "depends_on": [], "product": "Platform", "op_sys": "Windows 7", "is_cc_accessible": true, "keywords": [], "creation_time": "2019-03-06T05:16:55Z", "is_open": true, "resolution": "", "cc": ["akurtakov@gmail.com", "manpalat@in.ibm.com", "niraj.modi@in.ibm.com"], "id": 545098, "flags": [], "creator_detail": {"name": "sravankumarl@in.ibm.com", "id": 183587, "email": "sravankumarl@in.ibm.com", "real_name": "Sravan Kumar Lakkimsetti"}, "last_change_time": "2019-03-06T05:30:26Z"}, {"product": "Platform", "op_sys": "Windows 7", "keywords": [], "is_cc_accessible": true, "see_also": [], "groups": [], "assigned_to": "platform-releng-inbox@eclipse.org", "depends_on": [], "cc_detail": [], "flags": [], "id": 545099, "creator_detail": {"id": 183587, "email": "sravankumarl@in.ibm.com", "real_name": "Sravan Kumar Lakkimsetti", "name": "sravankumarl@in.ibm.com"}, "last_change_time": "2019-03-06T05:18:01Z", "is_open": true, "creation_time": "2019-03-06T05:18:01Z", "cc": [], "resolution": "", "target_milestone": "---", "version": "4.11", "status": "NEW", "deadline": null, "dupe_of": null, "is_creator_accessible": true, "classification": "Eclipse", "url": "", "priority": "P3", "blocks": [], "platform": "PC", "whiteboard": "", "qa_contact": "", "severity": "normal", "is_confirmed": true, "component": "Releng", "summary": "Show 4.12 builds on download page", "creator": "sravankumarl@in.ibm.com", "alias": [], "assigned_to_detail": {"real_name": "Platform-Releng-Inbox", "email": "platform-releng-inbox@eclipse.org", "id": 2217, "name": "platform-releng-inbox@eclipse.org"}}, {"last_change_time": "2019-03-06T05:30:15Z", "flags": [], "id": 545100, "creator_detail": {"real_name": "Sravan Kumar Lakkimsetti", "email": "sravankumarl@in.ibm.com", "id": 183587, "name": "sravankumarl@in.ibm.com"}, "is_open": true, "creation_time": "2019-03-06T05:18:42Z", "cc": ["akurtakov@gmail.com", "manpalat@in.ibm.com", "niraj.modi@in.ibm.com"], "resolution": "", "product": "Platform", "op_sys": "Windows 7", "is_cc_accessible": true, "keywords": [], "cc_detail": [{"email": "akurtakov@gmail.com", "id": 16750, "real_name": "Alexander Kurtakov", "name": "akurtakov@gmail.com"}, {"id": 152344, "email": "manpalat@in.ibm.com", "real_name": "Manoj Palat", "name": "manpalat@in.ibm.com"}, {"name": "niraj.modi@in.ibm.com", "real_name": "Niraj Modi", "id": 177714, "email": "niraj.modi@in.ibm.com"}], "depends_on": [], "see_also": [], "groups": [], "assigned_to": "platform-releng-inbox@eclipse.org", "severity": "normal", "is_confirmed": true, "whiteboard": "", "qa_contact": "", "alias": [], "assigned_to_detail": {"name": "platform-releng-inbox@eclipse.org", "real_name": "Platform-Releng-Inbox", "id": 2217, "email": "platform-releng-inbox@eclipse.org"}, "component": "Releng", "creator": "sravankumarl@in.ibm.com", "summary": "Update version number in mac's Eclipse.app", "dupe_of": null, "is_creator_accessible": true, "target_milestone": "---", "status": "NEW", "version": "4.11", "deadline": null, "priority": "P3", "url": "", "blocks": [545088], "platform": "PC", "classification": "Eclipse"}, {"alias": [], "assigned_to_detail": {"name": "platform-releng-inbox@eclipse.org", "email": "platform-releng-inbox@eclipse.org", "id": 2217, "real_name": "Platform-Releng-Inbox"}, "component": "Releng", "summary": "Move to release version of 4.11 in build scripts", "creator": "sravankumarl@in.ibm.com", "is_confirmed": true, "severity": "normal", "qa_contact": "", "whiteboard": "", "blocks": [545088], "url": "", "priority": "P3", "platform": "PC", "classification": "Eclipse", "is_creator_accessible": true, "dupe_of": null, "version": "4.11", "status": "NEW", "target_milestone": "---", "deadline": null, "creation_time": "2019-03-06T05:19:57Z", "is_open": true, "resolution": "", "cc": ["akurtakov@gmail.com", "manpalat@in.ibm.com", "niraj.modi@in.ibm.com"], "last_change_time": "2019-03-06T05:30:25Z", "id": 545101, "flags": [], "creator_detail": {"real_name": "Sravan Kumar Lakkimsetti", "email": "sravankumarl@in.ibm.com", "id": 183587, "name": "sravankumarl@in.ibm.com"}, "cc_detail": [{"email": "akurtakov@gmail.com", "id": 16750, "real_name": "Alexander Kurtakov", "name": "akurtakov@gmail.com"}, {"real_name": "Manoj Palat", "id": 152344, "email": "manpalat@in.ibm.com", "name": "manpalat@in.ibm.com"}, {"id": 177714, "email": "niraj.modi@in.ibm.com", "real_name": "Niraj Modi", "name": "niraj.modi@in.ibm.com"}], "depends_on": [], "see_also": [], "assigned_to": "platform-releng-inbox@eclipse.org", "groups": [], "product": "Platform", "op_sys": "Windows 7", "is_cc_accessible": true, "keywords": []}, {"classification": "Eclipse", "blocks": [545088], "url": "", "priority": "P3", "platform": "PC", "status": "NEW", "version": "4.11", "target_milestone": "---", "deadline": null, "is_creator_accessible": true, "dupe_of": null, "component": "Releng", "summary": "Create generic repos I-builds and milestones to point to 4.12 repos", "creator": "sravankumarl@in.ibm.com", "alias": [], "assigned_to_detail": {"name": "platform-releng-inbox@eclipse.org", "id": 2217, "email": "platform-releng-inbox@eclipse.org", "real_name": "Platform-Releng-Inbox"}, "qa_contact": "", "whiteboard": "", "is_confirmed": true, "severity": "normal", "groups": [], "see_also": [], "assigned_to": "platform-releng-inbox@eclipse.org", "cc_detail": [{"name": "akurtakov@gmail.com", "id": 16750, "email": "akurtakov@gmail.com", "real_name": "Alexander Kurtakov"}, {"email": "manpalat@in.ibm.com", "id": 152344, "real_name": "Manoj Palat", "name": "manpalat@in.ibm.com"}, {"name": "niraj.modi@in.ibm.com", "id": 177714, "email": "niraj.modi@in.ibm.com", "real_name": "Niraj Modi"}], "depends_on": [], "product": "Platform", "op_sys": "Windows 7", "is_cc_accessible": true, "keywords": [], "creation_time": "2019-03-06T05:22:07Z", "is_open": true, "resolution": "", "cc": ["akurtakov@gmail.com", "manpalat@in.ibm.com", "niraj.modi@in.ibm.com"], "id": 545102, "flags": [], "creator_detail": {"real_name": "Sravan Kumar Lakkimsetti", "id": 183587, "email": "sravankumarl@in.ibm.com", "name": "sravankumarl@in.ibm.com"}, "last_change_time": "2019-03-06T05:30:17Z"}, {"priority": "P3", "url": "", "blocks": [], "platform": "PC", "classification": "Eclipse", "dupe_of": null, "is_creator_accessible": true, "target_milestone": "---", "version": "4.11", "status": "NEW", "deadline": null, "alias": [], "assigned_to_detail": {"name": "platform-releng-inbox@eclipse.org", "real_name": "Platform-Releng-Inbox", "email": "platform-releng-inbox@eclipse.org", "id": 2217}, "component": "Releng", "summary": "Move I-builds to R4_11_maintenance branch", "creator": "sravankumarl@in.ibm.com", "severity": "normal", "is_confirmed": true, "whiteboard": "", "qa_contact": "", "depends_on": [545104], "cc_detail": [{"id": 133989, "email": "akurtako@redhat.com", "real_name": "Alexander Kurtakov", "name": "akurtako@redhat.com"}, {"name": "akurtakov@gmail.com", "id": 16750, "email": "akurtakov@gmail.com", "real_name": "Alexander Kurtakov"}, {"name": "daniel_megert@ch.ibm.com", "real_name": "Dani Megert", "email": "daniel_megert@ch.ibm.com", "id": 39}, {"id": 177714, "email": "niraj.modi@in.ibm.com", "real_name": "Niraj Modi", "name": "niraj.modi@in.ibm.com"}], "assigned_to": "platform-releng-inbox@eclipse.org", "see_also": [], "groups": [], "op_sys": "Windows 7", "product": "Platform", "is_cc_accessible": true, "keywords": [], "is_open": true, "creation_time": "2019-03-06T05:26:43Z", "cc": ["akurtako@redhat.com", "akurtakov@gmail.com", "daniel_megert@ch.ibm.com", "niraj.modi@in.ibm.com"], "resolution": "", "last_change_time": "2019-03-06T11:19:11Z", "flags": [], "id": 545103, "creator_detail": {"id": 183587, "email": "sravankumarl@in.ibm.com", "real_name": "Sravan Kumar Lakkimsetti", "name": "sravankumarl@in.ibm.com"}}, {"keywords": [], "is_cc_accessible": true, "op_sys": "Windows 7", "product": "Platform", "cc_detail": [{"name": "daniel_megert@ch.ibm.com", "real_name": "Dani Megert", "id": 39, "email": "daniel_megert@ch.ibm.com"}], "depends_on": [], "assigned_to": "platform-releng-inbox@eclipse.org", "groups": [], "see_also": [], "last_change_time": "2019-03-06T11:19:27Z", "creator_detail": {"name": "sravankumarl@in.ibm.com", "id": 183587, "email": "sravankumarl@in.ibm.com", "real_name": "Sravan Kumar Lakkimsetti"}, "flags": [], "id": 545104, "cc": ["daniel_megert@ch.ibm.com"], "resolution": "", "is_open": true, "creation_time": "2019-03-06T05:27:51Z", "is_creator_accessible": true, "dupe_of": null, "deadline": null, "target_milestone": "---", "version": "4.11", "status": "NEW", "platform": "PC", "url": "", "priority": "P3", "blocks": [545103], "classification": "Eclipse", "severity": "normal", "is_confirmed": true, "whiteboard": "", "qa_contact": "", "assigned_to_detail": {"real_name": "Platform-Releng-Inbox", "id": 2217, "email": "platform-releng-inbox@eclipse.org", "name": "platform-releng-inbox@eclipse.org"}, "alias": [], "summary": "Create R4_11_maintenance branch from 4.11RC2", "creator": "sravankumarl@in.ibm.com", "component": "Releng"}, {"deadline": null, "status": "NEW", "version": "4.7.1", "target_milestone": "---", "dupe_of": null, "is_creator_accessible": true, "classification": "Eclipse", "platform": "All", "blocks": [], "priority": "P3", "url": "", "qa_contact": "", "whiteboard": "", "is_confirmed": true, "severity": "normal", "summary": "AbstractServiceFactory can't create service hierarchy", "creator": "julian.honnen@vector.com", "component": "UI", "assigned_to_detail": {"name": "Platform-UI-Inbox@eclipse.org", "real_name": "Platform-UI-Inbox", "id": 2169, "email": "Platform-UI-Inbox@eclipse.org"}, "alias": [], "keywords": [], "is_cc_accessible": true, "op_sys": "All", "product": "Platform", "groups": [], "assigned_to": "Platform-UI-Inbox@eclipse.org", "see_also": [], "depends_on": [], "cc_detail": [], "creator_detail": {"email": "julian.honnen@vector.com", "id": 294744, "real_name": "Julian Honnen", "name": "julian.honnen@vector.com"}, "id": 545107, "flags": [], "last_change_time": "2019-03-06T09:45:41Z", "resolution": "", "cc": [], "creation_time": "2019-03-06T08:55:14Z", "is_open": true}, {"alias": [], "assigned_to_detail": {"name": "Platform-UI-Inbox@eclipse.org", "id": 2169, "email": "Platform-UI-Inbox@eclipse.org", "real_name": "Platform-UI-Inbox"}, "component": "UI", "creator": "marcel.au@web.de", "summary": "Tiny view menu and perspective bar fonts on MacOSX", "severity": "normal", "is_confirmed": true, "qa_contact": "", "whiteboard": "", "priority": "P3", "url": "", "blocks": [], "platform": "Macintosh", "classification": "Eclipse", "dupe_of": null, "is_creator_accessible": true, "target_milestone": "---", "version": "4.11", "status": "NEW", "deadline": null, "is_open": true, "creation_time": "2019-03-06T11:28:21Z", "cc": [], "resolution": "", "last_change_time": "2019-03-06T11:34:51Z", "flags": [], "id": 545124, "creator_detail": {"email": "marcel.au@web.de", "id": 40140, "real_name": "Marcel Austenfeld", "name": "marcel.au@web.de"}, "cc_detail": [], "depends_on": [], "assigned_to": "Platform-UI-Inbox@eclipse.org", "see_also": [], "groups": [], "product": "Platform", "op_sys": "Mac OS X", "keywords": [], "is_cc_accessible": true}, {"version": "4.11", "status": "CLOSED", "target_milestone": "---", "deadline": null, "is_creator_accessible": true, "dupe_of": 405695, "classification": "Eclipse", "blocks": [], "priority": "P3", "url": "", "platform": "Other", "qa_contact": "", "whiteboard": "", "is_confirmed": true, "severity": "normal", "component": "UI", "summary": "Tests are failing with java.lang.AssertionError with OpenJ9", "creator": "summitra@in.ibm.com", "alias": [], "assigned_to_detail": {"id": 2169, "email": "Platform-UI-Inbox@eclipse.org", "real_name": "Platform-UI-Inbox", "name": "Platform-UI-Inbox@eclipse.org"}, "product": "Platform", "op_sys": "CentOS", "is_cc_accessible": true, "keywords": [], "groups": [], "see_also": [], "assigned_to": "Platform-UI-Inbox@eclipse.org", "depends_on": [], "cc_detail": [{"name": "daniel_megert@ch.ibm.com", "real_name": "Dani Megert", "email": "daniel_megert@ch.ibm.com", "id": 39}], "id": 545125, "flags": [], "creator_detail": {"real_name": "Suman Mitra", "email": "summitra@in.ibm.com", "id": 335325, "name": "summitra@in.ibm.com"}, "last_change_time": "2019-03-06T13:34:07Z", "creation_time": "2019-03-06T11:34:33Z", "is_open": false, "resolution": "DUPLICATE", "cc": ["daniel_megert@ch.ibm.com"]}, {"target_milestone": "---", "version": "4.11", "status": "NEW", "deadline": null, "dupe_of": null, "is_creator_accessible": true, "classification": "Eclipse", "priority": "P3", "url": "", "blocks": [], "platform": "Other", "whiteboard": "", "qa_contact": "", "severity": "normal", "is_confirmed": true, "component": "UI", "creator": "summitra@in.ibm.com", "summary": "CTabItemTest fails with .AssertionError & ComparisonFailure", "alias": [], "assigned_to_detail": {"email": "Platform-UI-Inbox@eclipse.org", "id": 2169, "real_name": "Platform-UI-Inbox", "name": "Platform-UI-Inbox@eclipse.org"}, "product": "Platform", "op_sys": "CentOS", "keywords": [], "is_cc_accessible": true, "see_also": [], "assigned_to": "Platform-UI-Inbox@eclipse.org", "groups": [], "depends_on": [], "cc_detail": [{"email": "daniel_megert@ch.ibm.com", "id": 39, "real_name": "Dani Megert", "name": "daniel_megert@ch.ibm.com"}], "flags": [], "id": 545126, "creator_detail": {"name": "summitra@in.ibm.com", "real_name": "Suman Mitra", "email": "summitra@in.ibm.com", "id": 335325}, "last_change_time": "2019-03-06T13:37:39Z", "is_open": true, "creation_time": "2019-03-06T11:46:05Z", "cc": ["daniel_megert@ch.ibm.com"], "resolution": ""}, {"is_open": true, "creation_time": "2019-03-06T14:56:47Z", "cc": [], "resolution": "", "last_change_time": "2019-03-06T14:56:47Z", "flags": [], "id": 545137, "creator_detail": {"email": "levsha.alexander@gmail.com", "id": 184733, "real_name": "Alexander Levsha", "name": "levsha.alexander@gmail.com"}, "cc_detail": [], "depends_on": [], "groups": [], "see_also": [], "assigned_to": "Platform-UI-Inbox@eclipse.org", "op_sys": "Linux", "product": "Platform", "keywords": [], "is_cc_accessible": true, "alias": [], "assigned_to_detail": {"real_name": "Platform-UI-Inbox", "email": "Platform-UI-Inbox@eclipse.org", "id": 2169, "name": "Platform-UI-Inbox@eclipse.org"}, "component": "UI", "summary": "Control on the main coolbar becomes inaccessible when toolbar updates", "creator": "levsha.alexander@gmail.com", "severity": "normal", "is_confirmed": true, "qa_contact": "", "whiteboard": "", "url": "", "priority": "P3", "blocks": [], "platform": "PC", "classification": "Eclipse", "dupe_of": null, "is_creator_accessible": true, "target_milestone": "---", "status": "NEW", "version": "4.10", "deadline": null}, {"resolution": "", "cc": ["ericwill@redhat.com"], "creation_time": "2019-03-06T15:48:06Z", "is_open": true, "creator_detail": {"email": "ia.zalyaev@gmail.com", "id": 428785, "real_name": "Ilnur Zalyaev", "name": "ia.zalyaev@gmail.com"}, "id": 545139, "flags": [], "last_change_time": "2019-03-06T16:28:22Z", "see_also": [], "groups": [], "assigned_to": "platform-swt-inbox@eclipse.org", "depends_on": [], "cc_detail": [{"name": "ericwill@redhat.com", "real_name": "Eric Williams", "email": "ericwill@redhat.com", "id": 222272}], "is_cc_accessible": true, "keywords": ["triaged"], "op_sys": "Linux", "product": "Platform", "creator": "ia.zalyaev@gmail.com", "summary": "Creating TableColumn after TableItem leeds to erase of TableItem \"strings\" field", "component": "SWT", "assigned_to_detail": {"name": "platform-swt-inbox@eclipse.org", "id": 2206, "email": "platform-swt-inbox@eclipse.org", "real_name": "Platform-SWT-Inbox"}, "alias": [], "whiteboard": "", "qa_contact": "", "is_confirmed": true, "severity": "normal", "classification": "Eclipse", "platform": "PC", "blocks": [], "url": "", "priority": "P3", "deadline": null, "status": "NEW", "version": "4.11", "target_milestone": "---", "is_creator_accessible": true, "dupe_of": null}]